COD_PARTIDO,NOM_PARTIDO,NOM_CANDIDATO,1,2,3,4,5,6,7,8,9,10,11,12,13,14,15,16,17,18,19,20,90,98,TOTAL
1,PARTIDO LIBERAL COLOMBIANO,ALICIA MERCEDES ARENAS VALDERRAMA,72.0,24.0,33.0,44.0,35.0,26.0,40.0,67.0,41.0,94.0,139.0,30.0,53.0,13.0,20.0,47.0,15.0,62.0,48.0,0.0,19.0,0.0,922.0
1,PARTIDO LIBERAL COLOMBIANO,ALVARO ACEVEDO LEGUIZAMON,274.0,87.0,112.0,352.0,393.0,255.0,286.0,707.0,224.0,546.0,747.0,125.0,141.0,111.0,217.0,359.0,58.0,4192.0,447.0,0.0,125.0,0.0,9758.0
1,PARTIDO LIBERAL COLOMBIANO,ANA LEONOR GANTIVAR GANTIVAR,241.0,78.0,80.0,229.0,152.0,98.0,243.0,524.0,266.0,504.0,751.0,150.0,114.0,74.0,113.0,220.0,44.0,188.0,267.0,0.0,104.0,0.0,4440.0
1,PARTIDO LIBERAL COLOMBIANO,ANDRES GIOVANNI BARRIOS BERNAL,1016.0,240.0,92.0,381.0,189.0,165.0,236.0,891.0,389.0,1150.0,1845.0,378.0,298.0,108.0,109.0,339.0,36.0,238.0,236.0,1.0,177.0,0.0,8514.0
1,PARTIDO LIBERAL COLOMBIANO,ANGELO GIOVANNY GRAVIER SANTANA,300.0,125.0,79.0,615.0,538.0,132.0,337.0,2695.0,1364.0,540.0,519.0,132.0,177.0,99.0,129.0,580.0,56.0,547.0,286.0,1.0,135.0,1.0,9387.0
1,PARTIDO LIBERAL COLOMBIANO,ARMANDO DE LOS MILAGROS GUTIERREZ GONZALEZ,803.0,222.0,165.0,399.0,254.0,217.0,559.0,1359.0,345.0,949.0,1221.0,367.0,362.0,200.0,634.0,1206.0,115.0,1255.0,1013.0,0.0,133.0,0.0,11778.0
1,PARTIDO LIBERAL COLOMBIANO,ARTURO PALACIOS ORTEGA,125.0,39.0,35.0,153.0,103.0,78.0,172.0,291.0,117.0,301.0,255.0,62.0,69.0,40.0,55.0,91.0,39.0,200.0,170.0,0.0,39.0,0.0,2434.0
1,PARTIDO LIBERAL COLOMBIANO,CESAR AUGUSTO GONZALEZ GARCIA,62.0,5.0,15.0,37.0,52.0,24.0,55.0,65.0,22.0,55.0,82.0,12.0,13.0,11.0,8.0,27.0,2.0,25.0,37.0,0.0,5.0,0.0,614.0
1,PARTIDO LIBERAL COLOMBIANO,DANIEL ANTONIO MANTILLA CHAPARRO,190.0,51.0,65.0,193.0,122.0,104.0,223.0,387.0,158.0,432.0,391.0,87.0,82.0,55.0,76.0,180.0,20.0,149.0,243.0,1.0,63.0,0.0,3272.0
1,PARTIDO LIBERAL COLOMBIANO,DANNY DUCUARA VARON,99.0,35.0,40.0,142.0,56.0,256.0,116.0,272.0,138.0,335.0,211.0,61.0,61.0,48.0,54.0,173.0,18.0,377.0,187.0,0.0,51.0,0.0,2730.0
1,PARTIDO LIBERAL COLOMBIANO,EDISON ALEXANDER MARIN,134.0,29.0,31.0,81.0,59.0,61.0,138.0,264.0,106.0,236.0,317.0,76.0,48.0,37.0,44.0,97.0,15.0,89.0,114.0,1.0,50.0,0.0,2027.0
1,PARTIDO LIBERAL COLOMBIANO,FRANCISCO JAVIER CAMARGO RAMOS,228.0,49.0,57.0,174.0,161.0,109.0,180.0,415.0,150.0,342.0,359.0,84.0,61.0,43.0,69.0,158.0,20.0,263.0,207.0,0.0,113.0,1.0,3243.0
1,PARTIDO LIBERAL COLOMBIANO,FRANK ALEXANDER ATTARA SANCHEZ,45.0,17.0,16.0,53.0,33.0,23.0,43.0,89.0,41.0,88.0,93.0,34.0,27.0,11.0,15.0,55.0,12.0,40.0,51.0,1.0,13.0,0.0,800.0
1,PARTIDO LIBERAL COLOMBIANO,GERLEY NORBERTO ROJAS CASTRO,59.0,19.0,24.0,145.0,52.0,37.0,91.0,150.0,75.0,144.0,126.0,39.0,40.0,25.0,30.0,71.0,6.0,54.0,73.0,0.0,30.0,0.0,1290.0
1,PARTIDO LIBERAL COLOMBIANO,GERMAN AUGUSTO GARCIA MAYA,1261.0,308.0,211.0,857.0,1594.0,1016.0,2276.0,2457.0,1156.0,4435.0,2085.0,1213.0,809.0,358.0,933.0,628.0,364.0,1431.0,1404.0,136.0,325.0,2.0,25259.0
1,PARTIDO LIBERAL COLOMBIANO,GERMAN RICAURTE CAMARGO,1463.0,886.0,73.0,165.0,126.0,199.0,228.0,491.0,518.0,535.0,1047.0,610.0,241.0,96.0,77.0,284.0,41.0,183.0,252.0,24.0,85.0,0.0,7624.0
1,PARTIDO LIBERAL COLOMBIANO,GIOVANNY FRANKCHESCO GUEVARA PINTO,47.0,10.0,16.0,37.0,25.0,30.0,62.0,129.0,57.0,91.0,124.0,33.0,10.0,15.0,26.0,54.0,5.0,45.0,55.0,0.0,34.0,0.0,905.0
1,PARTIDO LIBERAL COLOMBIANO,GLADYS RIAÑO DE MARTINEZ,75.0,13.0,23.0,186.0,49.0,46.0,87.0,353.0,106.0,234.0,198.0,38.0,41.0,28.0,36.0,82.0,19.0,75.0,122.0,1.0,38.0,0.0,1850.0
1,PARTIDO LIBERAL COLOMBIANO,HORACIO JOSE SERPA MONCADA,2826.0,1093.0,529.0,1816.0,1376.0,1605.0,1212.0,4536.0,2333.0,3627.0,4441.0,1014.0,1563.0,1747.0,1099.0,2053.0,410.0,1635.0,1107.0,26.0,591.0,8.0,36647.0
1,PARTIDO LIBERAL COLOMBIANO,IRIS AZUCENA ROJAS CASTAÑEDA,34.0,10.0,12.0,54.0,23.0,21.0,53.0,133.0,34.0,95.0,85.0,25.0,27.0,28.0,20.0,30.0,8.0,38.0,80.0,0.0,9.0,0.0,819.0
1,PARTIDO LIBERAL COLOMBIANO,JORGE DURAN SILVA,350.0,120.0,145.0,1027.0,589.0,691.0,792.0,1944.0,345.0,778.0,956.0,476.0,422.0,284.0,142.0,757.0,336.0,602.0,1431.0,1.0,124.0,4.0,12316.0
1,PARTIDO LIBERAL COLOMBIANO,JORGE ELIECER PASTRAN PASTRAN,213.0,63.0,27.0,78.0,72.0,35.0,72.0,236.0,112.0,531.0,698.0,129.0,114.0,43.0,65.0,121.0,16.0,95.0,137.0,0.0,61.0,0.0,2918.0
1,PARTIDO LIBERAL COLOMBIANO,JORGE GIOVANNI CALDERON DURAN,146.0,52.0,40.0,148.0,82.0,309.0,182.0,357.0,128.0,314.0,324.0,80.0,54.0,39.0,56.0,110.0,17.0,144.0,201.0,23.0,74.0,0.0,2880.0
1,PARTIDO LIBERAL COLOMBIANO,JOSE ANTONIO FONSECA CAMELO,91.0,39.0,20.0,57.0,37.0,31.0,59.0,208.0,43.0,121.0,162.0,32.0,26.0,18.0,22.0,70.0,11.0,106.0,52.0,1.0,32.0,1.0,1239.0
1,PARTIDO LIBERAL COLOMBIANO,JOSE ORLANDO MORERA CRUZ,144.0,54.0,21.0,62.0,30.0,23.0,71.0,121.0,40.0,103.0,175.0,45.0,39.0,18.0,18.0,49.0,8.0,42.0,60.0,1.0,32.0,0.0,1156.0
1,PARTIDO LIBERAL COLOMBIANO,JOSE YAMID SANMIGUEL,112.0,49.0,26.0,69.0,79.0,45.0,86.0,208.0,63.0,182.0,2450.0,59.0,38.0,37.0,32.0,57.0,25.0,98.0,151.0,0.0,63.0,0.0,3929.0
1,PARTIDO LIBERAL COLOMBIANO,JOSEFINA DEL CARMEN VILLAMIL QUIROZ,122.0,37.0,30.0,169.0,72.0,51.0,163.0,282.0,80.0,256.0,321.0,57.0,54.0,31.0,57.0,95.0,12.0,131.0,183.0,1.0,55.0,0.0,2259.0
1,PARTIDO LIBERAL COLOMBIANO,JUAN CARLOS ALMONACID MARTINEZ,224.0,90.0,27.0,50.0,36.0,32.0,52.0,200.0,141.0,155.0,272.0,75.0,307.0,35.0,46.0,65.0,21.0,51.0,38.0,2.0,34.0,0.0,1953.0
1,PARTIDO LIBERAL COLOMBIANO,JUAN DE JESUS RINCON TORRES,40.0,32.0,15.0,43.0,33.0,32.0,36.0,72.0,37.0,80.0,77.0,28.0,25.0,18.0,39.0,28.0,9.0,102.0,44.0,1.0,13.0,0.0,804.0
1,PARTIDO LIBERAL COLOMBIANO,LASKMI NATALIA LOZANO OLARTE,49.0,17.0,16.0,63.0,20.0,31.0,38.0,180.0,62.0,121.0,102.0,43.0,38.0,19.0,19.0,63.0,5.0,53.0,73.0,1.0,21.0,0.0,1034.0
1,PARTIDO LIBERAL COLOMBIANO,LILIANA ANDREA SANCHEZ SAAVEDRA,42.0,13.0,8.0,40.0,31.0,27.0,47.0,102.0,37.0,85.0,75.0,24.0,20.0,7.0,15.0,22.0,6.0,43.0,49.0,0.0,12.0,0.0,705.0
1,PARTIDO LIBERAL COLOMBIANO,LUIS ALEJANDRO ALVAREZ RAMIREZ,53.0,17.0,7.0,48.0,33.0,33.0,73.0,94.0,51.0,101.0,106.0,25.0,24.0,13.0,26.0,31.0,3.0,38.0,57.0,2.0,22.0,0.0,857.0
1,PARTIDO LIBERAL COLOMBIANO,LUZ MARINA GORDILLO SALINAS,540.0,126.0,400.0,391.0,649.0,518.0,1861.0,2019.0,1391.0,2181.0,948.0,706.0,303.0,225.0,276.0,905.0,56.0,1286.0,1864.0,0.0,198.0,3.0,16846.0
1,PARTIDO LIBERAL COLOMBIANO,MARIA ALEJANDRA HERNANDEZ JAIMES,54.0,16.0,33.0,97.0,110.0,40.0,118.0,141.0,50.0,137.0,220.0,18.0,20.0,12.0,36.0,40.0,8.0,42.0,109.0,0.0,16.0,0.0,1317.0
1,PARTIDO LIBERAL COLOMBIANO,MARIA CRISTINA GRANADOS VELASQUEZ,44.0,24.0,17.0,45.0,41.0,28.0,59.0,102.0,33.0,84.0,92.0,34.0,32.0,11.0,19.0,33.0,9.0,54.0,63.0,1.0,24.0,0.0,849.0
1,PARTIDO LIBERAL COLOMBIANO,MARIA VICTORIA VARGAS SILVA,1293.0,793.0,869.0,650.0,695.0,602.0,561.0,1679.0,910.0,1528.0,1895.0,1115.0,719.0,203.0,664.0,634.0,86.0,618.0,988.0,117.0,191.0,0.0,16810.0
1,PARTIDO LIBERAL COLOMBIANO,MARIO ANDRES GALAN GALAN,330.0,96.0,49.0,146.0,92.0,79.0,154.0,407.0,126.0,365.0,481.0,125.0,114.0,56.0,52.0,107.0,38.0,133.0,152.0,6.0,122.0,1.0,3231.0
1,PARTIDO LIBERAL COLOMBIANO,MARTHA JANETH PLATA NAVAS,648.0,266.0,102.0,214.0,523.0,204.0,321.0,767.0,330.0,792.0,1084.0,316.0,294.0,135.0,102.0,240.0,185.0,298.0,303.0,0.0,144.0,0.0,7268.0
1,PARTIDO LIBERAL COLOMBIANO,MARY LUZ CANO CANO,52.0,11.0,16.0,44.0,24.0,16.0,34.0,81.0,32.0,64.0,99.0,24.0,18.0,10.0,11.0,25.0,9.0,40.0,50.0,0.0,8.0,0.0,668.0
1,PARTIDO LIBERAL COLOMBIANO,MAURICIO ANTONIO JULIO RAFAEL MOLANO CAMACHO,578.0,269.0,38.0,106.0,72.0,66.0,142.0,339.0,191.0,516.0,673.0,147.0,219.0,64.0,93.0,190.0,41.0,154.0,141.0,0.0,91.0,0.0,4130.0
1,PARTIDO LIBERAL COLOMBIANO,MAURICIO RUBIANO BELLO,298.0,62.0,113.0,106.0,78.0,63.0,92.0,276.0,159.0,363.0,328.0,89.0,118.0,44.0,50.0,105.0,43.0,75.0,138.0,0.0,64.0,0.0,2664.0
1,PARTIDO LIBERAL COLOMBIANO,PABLO EMILIO LUNA GUTIERREZ,290.0,97.0,80.0,266.0,133.0,148.0,388.0,623.0,254.0,1331.0,763.0,187.0,140.0,82.0,74.0,248.0,30.0,241.0,380.0,3.0,105.0,0.0,5863.0
1,PARTIDO LIBERAL COLOMBIANO,REVOCADO (A),141.0,43.0,42.0,119.0,72.0,74.0,115.0,263.0,96.0,239.0,232.0,61.0,52.0,36.0,45.0,119.0,21.0,112.0,133.0,1.0,55.0,0.0,2071.0
1,PARTIDO LIBERAL COLOMBIANO,SERGIO RENATO GUZMAN COBOS,108.0,25.0,15.0,42.0,69.0,43.0,126.0,175.0,69.0,110.0,262.0,103.0,49.0,26.0,29.0,55.0,9.0,70.0,127.0,1.0,36.0,0.0,1549.0
1,PARTIDO LIBERAL COLOMBIANO,XIMENA ALEXANDRA GUZMAN ROMERO,246.0,78.0,35.0,78.0,33.0,36.0,106.0,255.0,138.0,324.0,436.0,102.0,110.0,29.0,44.0,99.0,19.0,95.0,90.0,2.0,59.0,0.0,2414.0
2,PARTIDO CONSERVADOR COLOMBIANO,ALFONSO ALFONSO CAMARGO,32.0,11.0,5.0,21.0,17.0,11.0,35.0,40.0,15.0,94.0,62.0,15.0,5.0,7.0,5.0,16.0,3.0,15.0,39.0,0.0,5.0,0.0,453.0
2,PARTIDO CONSERVADOR COLOMBIANO,ALVARO ALFONSO ALVAREZ ISAZA,134.0,107.0,28.0,110.0,34.0,18.0,48.0,204.0,81.0,148.0,216.0,46.0,68.0,63.0,33.0,40.0,11.0,41.0,44.0,0.0,27.0,0.0,1501.0
2,PARTIDO CONSERVADOR COLOMBIANO,ANDRES FELIPE RANGEL GOMEZ,147.0,30.0,18.0,51.0,42.0,27.0,62.0,109.0,44.0,126.0,158.0,45.0,36.0,22.0,17.0,29.0,4.0,57.0,54.0,0.0,21.0,0.0,1099.0
2,PARTIDO CONSERVADOR COLOMBIANO,ANDRES MAURICIO ALVARADO PEREZ,544.0,224.0,43.0,115.0,113.0,53.0,95.0,361.0,110.0,271.0,590.0,151.0,116.0,237.0,54.0,93.0,26.0,137.0,634.0,0.0,63.0,1.0,4031.0
2,PARTIDO CONSERVADOR COLOMBIANO,BLANCA ROSA ORTEGA GARCIA,30.0,8.0,8.0,22.0,21.0,12.0,37.0,69.0,18.0,40.0,67.0,14.0,21.0,35.0,12.0,70.0,4.0,21.0,25.0,0.0,14.0,0.0,548.0
2,PARTIDO CONSERVADOR COLOMBIANO,CARLOS ANDRES ZARATE PEREZ,824.0,142.0,133.0,250.0,169.0,104.0,257.0,735.0,261.0,800.0,732.0,224.0,249.0,87.0,83.0,288.0,30.0,375.0,313.0,0.0,147.0,11.0,6214.0
2,PARTIDO CONSERVADOR COLOMBIANO,DENISE ALTAHONA GOMEZ,15.0,3.0,3.0,19.0,15.0,10.0,17.0,28.0,12.0,38.0,23.0,8.0,5.0,4.0,3.0,15.0,2.0,10.0,12.0,0.0,3.0,0.0,245.0
2,PARTIDO CONSERVADOR COLOMBIANO,DIANA LUCIA SANTAMARIA LADINO,20.0,6.0,0.0,9.0,17.0,3.0,14.0,30.0,15.0,36.0,38.0,19.0,5.0,5.0,4.0,3.0,0.0,6.0,23.0,0.0,2.0,0.0,255.0
2,PARTIDO CONSERVADOR COLOMBIANO,EDGAR NOVOA TORRES,89.0,26.0,11.0,70.0,31.0,23.0,52.0,132.0,52.0,99.0,225.0,42.0,56.0,16.0,7.0,43.0,9.0,40.0,42.0,0.0,22.0,0.0,1087.0
2,PARTIDO CONSERVADOR COLOMBIANO,EMIRO HERNEY MARTINEZ TORRES,174.0,9.0,3.0,22.0,23.0,13.0,21.0,59.0,31.0,86.0,101.0,26.0,17.0,9.0,6.0,26.0,4.0,26.0,42.0,0.0,8.0,0.0,706.0
2,PARTIDO CONSERVADOR COLOMBIANO,ERIKA MILENA CASTRO MELO,20.0,4.0,3.0,20.0,21.0,6.0,40.0,32.0,27.0,40.0,52.0,12.0,12.0,4.0,5.0,16.0,0.0,16.0,21.0,0.0,5.0,0.0,356.0
2,PARTIDO CONSERVADOR COLOMBIANO,FERNANDO VASQUEZ BUSTOS,406.0,119.0,74.0,700.0,4168.0,217.0,283.0,1001.0,423.0,604.0,701.0,126.0,209.0,154.0,175.0,478.0,43.0,422.0,348.0,21.0,153.0,3.0,10828.0
2,PARTIDO CONSERVADOR COLOMBIANO,FLAVIO ELIECER MAYA ESCOBAR,280.0,88.0,106.0,321.0,339.0,50.0,111.0,333.0,104.0,397.0,633.0,71.0,129.0,55.0,85.0,148.0,34.0,136.0,290.0,0.0,55.0,0.0,3765.0
2,PARTIDO CONSERVADOR COLOMBIANO,GLORIA ELSY DIAZ MARTINEZ,982.0,321.0,1258.0,826.0,440.0,148.0,250.0,1253.0,402.0,1104.0,1544.0,266.0,352.0,133.0,165.0,1116.0,141.0,266.0,577.0,0.0,207.0,2.0,11753.0
2,PARTIDO CONSERVADOR COLOMBIANO,GUISELLE ANDREA BUZON PARRA,32.0,12.0,19.0,29.0,25.0,14.0,44.0,67.0,26.0,68.0,74.0,14.0,15.0,11.0,13.0,19.0,2.0,12.0,34.0,0.0,11.0,0.0,541.0
2,PARTIDO CONSERVADOR COLOMBIANO,HAROLD PIERR RENGIFO VARGAS,53.0,17.0,27.0,68.0,49.0,27.0,255.0,395.0,67.0,159.0,175.0,31.0,31.0,23.0,35.0,104.0,5.0,207.0,149.0,0.0,32.0,0.0,1909.0
2,PARTIDO CONSERVADOR COLOMBIANO,HENRY RODOLFO RAMOS CLAVIJO,50.0,16.0,10.0,28.0,24.0,15.0,69.0,124.0,294.0,119.0,87.0,22.0,26.0,10.0,17.0,52.0,8.0,30.0,40.0,0.0,22.0,0.0,1063.0
2,PARTIDO CONSERVADOR COLOMBIANO,JAIME ANDRES ROJAS BEJARANO,129.0,14.0,10.0,45.0,24.0,16.0,35.0,99.0,68.0,143.0,349.0,42.0,36.0,30.0,18.0,41.0,6.0,48.0,47.0,0.0,25.0,0.0,1225.0
2,PARTIDO CONSERVADOR COLOMBIANO,JOSIAS FIESCO AGUDELO,191.0,108.0,29.0,77.0,62.0,38.0,64.0,197.0,100.0,244.0,346.0,71.0,96.0,17.0,35.0,59.0,13.0,68.0,66.0,0.0,28.0,0.0,1909.0
2,PARTIDO CONSERVADOR COLOMBIANO,JOSUE HUMBERTO CORREA HERNANDEZ,384.0,67.0,99.0,178.0,101.0,56.0,251.0,603.0,165.0,609.0,738.0,143.0,181.0,63.0,56.0,167.0,34.0,142.0,230.0,2.0,58.0,1.0,4328.0
2,PARTIDO CONSERVADOR COLOMBIANO,LORENA RUBIANO FAJARDO,102.0,33.0,8.0,40.0,25.0,11.0,41.0,109.0,31.0,143.0,131.0,27.0,32.0,8.0,13.0,39.0,8.0,28.0,32.0,0.0,16.0,0.0,877.0
2,PARTIDO CONSERVADOR COLOMBIANO,LUIS ALFONSO BURGOS CARDENAS,161.0,53.0,15.0,27.0,35.0,16.0,47.0,142.0,49.0,108.0,158.0,48.0,43.0,15.0,7.0,52.0,3.0,26.0,45.0,0.0,15.0,0.0,1065.0
2,PARTIDO CONSERVADOR COLOMBIANO,LUIS ALFREDO PINEDA PULGARIN,249.0,114.0,114.0,425.0,457.0,106.0,774.0,984.0,396.0,2231.0,758.0,167.0,164.0,85.0,101.0,328.0,56.0,228.0,825.0,0.0,120.0,2.0,8684.0
2,PARTIDO CONSERVADOR COLOMBIANO,LUZ BERENICE DIAZ LOVERA,86.0,19.0,15.0,78.0,51.0,22.0,64.0,146.0,52.0,253.0,186.0,41.0,52.0,22.0,25.0,54.0,9.0,31.0,65.0,0.0,22.0,0.0,1293.0
2,PARTIDO CONSERVADOR COLOMBIANO,MARIA ESCILDA PIÑA DE RODRIGUEZ,26.0,12.0,3.0,18.0,17.0,10.0,19.0,95.0,15.0,43.0,51.0,7.0,11.0,4.0,1.0,29.0,2.0,16.0,35.0,0.0,4.0,0.0,418.0
2,PARTIDO CONSERVADOR COLOMBIANO,MARIO EFREN ORJUELA ORJUELA,33.0,10.0,5.0,20.0,230.0,24.0,33.0,68.0,27.0,85.0,51.0,12.0,18.0,12.0,25.0,35.0,10.0,20.0,31.0,0.0,6.0,0.0,755.0
2,PARTIDO CONSERVADOR COLOMBIANO,MARIO JAVIER MATURANA MORENO,20.0,5.0,9.0,24.0,12.0,11.0,14.0,52.0,16.0,43.0,100.0,9.0,13.0,11.0,12.0,21.0,4.0,18.0,21.0,0.0,6.0,0.0,421.0
2,PARTIDO CONSERVADOR COLOMBIANO,MAURICIO ALBERTO LANDAZABAL SUAZA,53.0,39.0,8.0,36.0,36.0,21.0,31.0,59.0,34.0,150.0,140.0,33.0,21.0,15.0,16.0,36.0,3.0,38.0,44.0,0.0,22.0,0.0,835.0
2,PARTIDO CONSERVADOR COLOMBIANO,MAURICIO FERNANDEZ FRANCO,46.0,19.0,13.0,57.0,84.0,30.0,71.0,98.0,56.0,120.0,172.0,49.0,46.0,21.0,25.0,41.0,3.0,64.0,46.0,0.0,28.0,0.0,1089.0
2,PARTIDO CONSERVADOR COLOMBIANO,MIGUEL ANGEL GUERRERO LOPEZ,45.0,6.0,14.0,44.0,21.0,17.0,24.0,46.0,30.0,141.0,71.0,17.0,11.0,9.0,9.0,19.0,4.0,20.0,23.0,0.0,14.0,0.0,585.0
2,PARTIDO CONSERVADOR COLOMBIANO,NANCY JANNETH NIÑO RINCON,43.0,7.0,16.0,31.0,14.0,40.0,21.0,69.0,30.0,48.0,67.0,17.0,25.0,51.0,187.0,62.0,5.0,58.0,49.0,0.0,15.0,0.0,855.0
2,PARTIDO CONSERVADOR COLOMBIANO,NELSON ENRIQUE CUBIDES SALAZAR,747.0,203.0,106.0,837.0,889.0,373.0,513.0,1654.0,648.0,1709.0,1492.0,453.0,489.0,320.0,169.0,946.0,59.0,690.0,690.0,0.0,164.0,0.0,13151.0
2,PARTIDO CONSERVADOR COLOMBIANO,OMAR SANCHEZ GUARIN,216.0,52.0,80.0,214.0,147.0,131.0,501.0,780.0,208.0,420.0,365.0,73.0,144.0,46.0,61.0,144.0,25.0,262.0,221.0,1.0,60.0,1.0,4152.0
2,PARTIDO CONSERVADOR COLOMBIANO,PABLO ORLANDO GONZALEZ TORRES,11.0,2.0,1.0,13.0,8.0,5.0,103.0,38.0,10.0,37.0,28.0,5.0,12.0,8.0,4.0,13.0,1.0,10.0,28.0,0.0,6.0,0.0,343.0
2,PARTIDO CONSERVADOR COLOMBIANO,PEDRO IGNACIO POVEDA ZAMBRANO,25.0,5.0,8.0,19.0,20.0,7.0,27.0,57.0,25.0,45.0,54.0,12.0,12.0,13.0,2.0,20.0,1.0,19.0,25.0,0.0,7.0,0.0,403.0
2,PARTIDO CONSERVADOR COLOMBIANO,RAUL HORACIO CAMARGO VASQUEZ,19.0,8.0,6.0,15.0,9.0,1.0,10.0,33.0,49.0,39.0,44.0,9.0,8.0,3.0,9.0,11.0,0.0,12.0,12.0,0.0,4.0,0.0,301.0
2,PARTIDO CONSERVADOR COLOMBIANO,RETIRADO (A),34.0,2.0,4.0,13.0,23.0,18.0,19.0,45.0,14.0,46.0,48.0,8.0,11.0,10.0,10.0,23.0,4.0,26.0,7.0,0.0,8.0,1.0,374.0
2,PARTIDO CONSERVADOR COLOMBIANO,ROGER JOSE CARRILLO CAMPO,1088.0,432.0,152.0,833.0,358.0,524.0,700.0,2610.0,647.0,1815.0,1867.0,522.0,888.0,300.0,344.0,583.0,107.0,576.0,854.0,0.0,230.0,2.0,15432.0
2,PARTIDO CONSERVADOR COLOMBIANO,SANDRA MILENA BASTOS SUAREZ,51.0,12.0,13.0,37.0,52.0,19.0,47.0,72.0,28.0,84.0,70.0,20.0,16.0,14.0,14.0,35.0,6.0,46.0,41.0,0.0,7.0,0.0,684.0
2,PARTIDO CONSERVADOR COLOMBIANO,SANDRA PATRICIA LEON GARCIA,109.0,20.0,12.0,54.0,62.0,20.0,91.0,109.0,62.0,105.0,189.0,47.0,55.0,13.0,35.0,88.0,28.0,61.0,64.0,0.0,34.0,0.0,1258.0
2,PARTIDO CONSERVADOR COLOMBIANO,SHIRLEY ROSARIO GONZALEZ RUBIO COLINA,72.0,21.0,14.0,40.0,64.0,28.0,67.0,117.0,49.0,124.0,125.0,33.0,26.0,19.0,15.0,43.0,8.0,54.0,58.0,0.0,21.0,1.0,999.0
2,PARTIDO CONSERVADOR COLOMBIANO,WILLIAM ERNESTO LANCHEROS RUIZ,127.0,44.0,22.0,55.0,60.0,22.0,34.0,191.0,47.0,188.0,144.0,566.0,47.0,14.0,17.0,49.0,14.0,38.0,37.0,0.0,25.0,0.0,1741.0
2,PARTIDO CONSERVADOR COLOMBIANO,YIMY ANTONIO MEJIA BAEZ,355.0,76.0,98.0,185.0,79.0,122.0,170.0,653.0,209.0,504.0,519.0,120.0,220.0,113.0,60.0,230.0,66.0,132.0,150.0,1.0,73.0,0.0,4135.0
3,PARTIDO OPCIÓN CIUDADANA,ADRIANA MARIA PARDO CARDENAS,61.0,21.0,14.0,16.0,16.0,26.0,27.0,80.0,40.0,116.0,228.0,12.0,21.0,6.0,9.0,38.0,10.0,20.0,56.0,0.0,12.0,0.0,829.0
3,PARTIDO OPCIÓN CIUDADANA,ALBERTO EUGENIO QUINTERO OCAMPO,29.0,10.0,4.0,13.0,3.0,18.0,22.0,70.0,20.0,30.0,77.0,9.0,7.0,7.0,4.0,21.0,4.0,17.0,17.0,0.0,5.0,0.0,387.0
3,PARTIDO OPCIÓN CIUDADANA,ALEXDEYBI REBOLLEDO BRICEÑO,12.0,6.0,2.0,10.0,13.0,13.0,15.0,34.0,19.0,24.0,44.0,5.0,2.0,5.0,15.0,24.0,0.0,23.0,103.0,0.0,6.0,0.0,375.0
3,PARTIDO OPCIÓN CIUDADANA,ARBEY DELGADO ARGOTE,82.0,15.0,13.0,39.0,33.0,47.0,69.0,122.0,56.0,178.0,137.0,55.0,39.0,16.0,19.0,27.0,12.0,35.0,106.0,1.0,21.0,0.0,1122.0
3,PARTIDO OPCIÓN CIUDADANA,AUGUSTO MENDIVELSO OJEDA,68.0,8.0,9.0,9.0,27.0,12.0,20.0,86.0,202.0,91.0,88.0,45.0,37.0,11.0,20.0,23.0,6.0,48.0,50.0,2.0,14.0,0.0,876.0
3,PARTIDO OPCIÓN CIUDADANA,CAMPO ELIAS JIMENEZ BARINAS,8.0,48.0,10.0,36.0,23.0,12.0,9.0,43.0,9.0,12.0,14.0,6.0,6.0,3.0,3.0,6.0,2.0,25.0,12.0,0.0,5.0,0.0,292.0
3,PARTIDO OPCIÓN CIUDADANA,CARLOS GOMEZ BAQUERO,17.0,6.0,2.0,14.0,9.0,2.0,16.0,25.0,13.0,34.0,40.0,55.0,22.0,4.0,2.0,10.0,3.0,6.0,26.0,0.0,7.0,0.0,313.0
3,PARTIDO OPCIÓN CIUDADANA,CLAUDIA REBECA HERRERA MOLINA,12.0,1.0,3.0,2.0,7.0,9.0,12.0,56.0,0.0,13.0,24.0,2.0,3.0,4.0,0.0,3.0,1.0,3.0,17.0,0.0,4.0,0.0,176.0
3,PARTIDO OPCIÓN CIUDADANA,DANIELA IGLESIAS ORDOÑEZ,9.0,2.0,1.0,3.0,9.0,3.0,6.0,12.0,4.0,11.0,11.0,2.0,2.0,1.0,2.0,9.0,4.0,2.0,6.0,0.0,2.0,0.0,101.0
3,PARTIDO OPCIÓN CIUDADANA,EDWIN FERNANDO GUTIERREZ CASTELLANOS,63.0,19.0,5.0,25.0,11.0,20.0,34.0,129.0,26.0,72.0,69.0,16.0,19.0,6.0,6.0,32.0,3.0,23.0,23.0,0.0,15.0,0.0,616.0
3,PARTIDO OPCIÓN CIUDADANA,FEREZ DE JESUS CHAJIN MENDOZA,60.0,15.0,16.0,49.0,29.0,28.0,41.0,111.0,28.0,120.0,180.0,19.0,22.0,65.0,13.0,35.0,6.0,91.0,49.0,0.0,26.0,0.0,1003.0
3,PARTIDO OPCIÓN CIUDADANA,FERNANDO DE JESUS ALVAREZ CORREDOR,47.0,30.0,7.0,10.0,4.0,18.0,37.0,33.0,80.0,39.0,55.0,15.0,7.0,12.0,8.0,21.0,6.0,9.0,62.0,0.0,7.0,0.0,507.0
3,PARTIDO OPCIÓN CIUDADANA,GILBERTO SERPA MENDOZA,52.0,17.0,15.0,44.0,25.0,20.0,47.0,93.0,46.0,101.0,79.0,25.0,13.0,10.0,7.0,46.0,12.0,41.0,52.0,0.0,12.0,0.0,757.0
3,PARTIDO OPCIÓN CIUDADANA,GIOVANNI TELLEZ SERRANO,6.0,4.0,5.0,8.0,9.0,4.0,8.0,18.0,3.0,6.0,17.0,5.0,5.0,1.0,3.0,4.0,5.0,6.0,8.0,0.0,2.0,0.0,127.0
3,PARTIDO OPCIÓN CIUDADANA,HECTOR LOTERO ZULUAGA,60.0,14.0,22.0,40.0,30.0,15.0,26.0,71.0,31.0,94.0,63.0,15.0,19.0,16.0,12.0,30.0,23.0,27.0,31.0,0.0,11.0,0.0,650.0
3,PARTIDO OPCIÓN CIUDADANA,HECTOR MARTINEZ PALOMINO,56.0,7.0,2.0,24.0,18.0,13.0,45.0,55.0,36.0,79.0,99.0,19.0,17.0,10.0,11.0,15.0,2.0,24.0,39.0,0.0,15.0,0.0,586.0
3,PARTIDO OPCIÓN CIUDADANA,ISIS YERI MARGARITA CAICEDO CAICEDO,229.0,84.0,67.0,209.0,94.0,452.0,526.0,446.0,221.0,542.0,438.0,113.0,126.0,64.0,95.0,208.0,30.0,136.0,242.0,0.0,76.0,0.0,4398.0
3,PARTIDO OPCIÓN CIUDADANA,JAIME JESUS MEJIA FADUL,35.0,6.0,4.0,10.0,11.0,9.0,23.0,28.0,11.0,26.0,39.0,6.0,3.0,8.0,1.0,7.0,4.0,18.0,18.0,0.0,4.0,0.0,271.0
3,PARTIDO OPCIÓN CIUDADANA,JESUS MARIA RIAÑO GARCIA,20.0,7.0,6.0,42.0,24.0,20.0,42.0,47.0,17.0,66.0,43.0,7.0,4.0,5.0,10.0,12.0,4.0,46.0,37.0,0.0,6.0,0.0,465.0
3,PARTIDO OPCIÓN CIUDADANA,JOSE DEL CARMEN SOLER PARRA,9.0,3.0,5.0,3.0,4.0,5.0,24.0,35.0,7.0,23.0,17.0,2.0,2.0,1.0,4.0,5.0,1.0,7.0,10.0,0.0,4.0,0.0,171.0
3,PARTIDO OPCIÓN CIUDADANA,JUAN CARLOS BUITRAGO MORA,7.0,4.0,2.0,13.0,3.0,17.0,88.0,50.0,10.0,19.0,31.0,3.0,3.0,1.0,1.0,7.0,1.0,5.0,19.0,0.0,2.0,0.0,286.0
3,PARTIDO OPCIÓN CIUDADANA,LEIDY YULIETH MALAGON GARCIA,16.0,4.0,6.0,10.0,12.0,7.0,26.0,38.0,8.0,38.0,32.0,5.0,4.0,5.0,12.0,16.0,2.0,15.0,20.0,0.0,4.0,0.0,280.0
3,PARTIDO OPCIÓN CIUDADANA,LUIS EMILIO FONSECA SANTIAGO,10.0,7.0,1.0,22.0,13.0,13.0,36.0,43.0,17.0,30.0,43.0,9.0,3.0,5.0,5.0,9.0,3.0,16.0,161.0,0.0,11.0,0.0,457.0
3,PARTIDO OPCIÓN CIUDADANA,LUIS FERNANDO ROSAS LONDOÑO,172.0,75.0,59.0,62.0,36.0,38.0,59.0,139.0,81.0,170.0,241.0,58.0,91.0,14.0,44.0,62.0,11.0,67.0,85.0,1.0,30.0,1.0,1596.0
3,PARTIDO OPCIÓN CIUDADANA,LUZ MARINA DIAZ DIAZ,42.0,25.0,5.0,12.0,15.0,6.0,19.0,111.0,28.0,44.0,54.0,16.0,7.0,5.0,8.0,14.0,2.0,17.0,20.0,0.0,13.0,0.0,463.0
3,PARTIDO OPCIÓN CIUDADANA,MARCO FIDEL RAMIREZ ANTONIO,738.0,202.0,91.0,449.0,299.0,525.0,1539.0,1619.0,647.0,1585.0,1546.0,497.0,440.0,289.0,348.0,1014.0,58.0,598.0,1190.0,0.0,211.0,3.0,13888.0
3,PARTIDO OPCIÓN CIUDADANA,MARIA DOLLY OVIEDO TRIANA,11.0,0.0,2.0,5.0,14.0,11.0,13.0,19.0,6.0,14.0,19.0,5.0,4.0,3.0,3.0,9.0,3.0,4.0,78.0,0.0,5.0,0.0,228.0
3,PARTIDO OPCIÓN CIUDADANA,MARIA ELENA CHAVERRA PATIÑO,17.0,4.0,6.0,22.0,11.0,19.0,26.0,86.0,17.0,29.0,27.0,5.0,2.0,9.0,3.0,14.0,2.0,19.0,17.0,0.0,4.0,0.0,339.0
3,PARTIDO OPCIÓN CIUDADANA,MARIA FERNANDA GALVIS BRICEÑO,13.0,6.0,4.0,5.0,5.0,18.0,4.0,41.0,11.0,17.0,25.0,4.0,4.0,8.0,4.0,9.0,1.0,9.0,12.0,0.0,6.0,0.0,206.0
3,PARTIDO OPCIÓN CIUDADANA,MARY DAISSY PARRA POLANIA,28.0,9.0,4.0,16.0,8.0,11.0,21.0,86.0,18.0,99.0,60.0,16.0,24.0,7.0,5.0,17.0,2.0,16.0,17.0,0.0,13.0,0.0,477.0
3,PARTIDO OPCIÓN CIUDADANA,NELSON MAURICIO NAVARRO VARGAS,15.0,2.0,2.0,12.0,17.0,27.0,27.0,33.0,20.0,36.0,62.0,7.0,8.0,4.0,5.0,13.0,3.0,13.0,22.0,0.0,8.0,0.0,336.0
3,PARTIDO OPCIÓN CIUDADANA,NIDIA JEANNETTE SANCHEZ VACA,15.0,0.0,2.0,9.0,11.0,7.0,8.0,27.0,6.0,26.0,35.0,7.0,3.0,6.0,4.0,19.0,2.0,6.0,21.0,0.0,6.0,0.0,220.0
3,PARTIDO OPCIÓN CIUDADANA,RAFAEL DARIO VELANDIA GONZALEZ,43.0,14.0,3.0,65.0,36.0,10.0,18.0,43.0,30.0,39.0,112.0,19.0,21.0,10.0,7.0,24.0,4.0,24.0,40.0,0.0,9.0,0.0,571.0
3,PARTIDO OPCIÓN CIUDADANA,RETIRADO (A),31.0,10.0,14.0,44.0,35.0,21.0,92.0,90.0,56.0,194.0,84.0,34.0,16.0,11.0,16.0,35.0,6.0,36.0,70.0,0.0,11.0,0.0,906.0
3,PARTIDO OPCIÓN CIUDADANA,REVOCADO (A),30.0,5.0,2.0,8.0,4.0,14.0,12.0,26.0,14.0,33.0,33.0,35.0,10.0,10.0,3.0,23.0,3.0,5.0,16.0,0.0,8.0,0.0,294.0
3,PARTIDO OPCIÓN CIUDADANA,RICARDO JIMENEZ CALDERON,8.0,2.0,2.0,5.0,4.0,67.0,22.0,51.0,2.0,10.0,11.0,5.0,1.0,0.0,6.0,6.0,5.0,8.0,62.0,0.0,3.0,0.0,280.0
3,PARTIDO OPCIÓN CIUDADANA,SAMUEL ANDRES ANGEL APONTE,83.0,24.0,18.0,37.0,30.0,58.0,49.0,132.0,64.0,144.0,126.0,47.0,46.0,49.0,21.0,34.0,8.0,37.0,81.0,0.0,20.0,0.0,1108.0
3,PARTIDO OPCIÓN CIUDADANA,SANDRA PATRICIA GAITAN MENDEZ,8.0,2.0,2.0,6.0,4.0,6.0,13.0,22.0,11.0,25.0,21.0,4.0,4.0,5.0,6.0,8.0,1.0,3.0,7.0,0.0,6.0,0.0,164.0
3,PARTIDO OPCIÓN CIUDADANA,SILVERIO MONTAÑA MONTAÑA,37.0,12.0,13.0,114.0,261.0,27.0,92.0,219.0,18.0,161.0,440.0,20.0,14.0,13.0,6.0,57.0,4.0,53.0,107.0,0.0,25.0,0.0,1693.0
3,PARTIDO OPCIÓN CIUDADANA,VICTORIANO PIÑACUE ACHICUE,66.0,22.0,15.0,16.0,29.0,25.0,38.0,63.0,33.0,79.0,71.0,18.0,19.0,12.0,2.0,18.0,23.0,37.0,36.0,0.0,22.0,0.0,644.0
3,PARTIDO OPCIÓN CIUDADANA,YAMILETH DEL SOCORRO MORA MELO,24.0,2.0,4.0,11.0,27.0,13.0,42.0,44.0,20.0,37.0,39.0,8.0,11.0,7.0,5.0,9.0,0.0,12.0,25.0,0.0,7.0,0.0,347.0
4,PARTIDO CAMBIO RADICAL,ALVARO MEJIA BRAVO,526.0,117.0,240.0,294.0,546.0,185.0,201.0,612.0,221.0,782.0,578.0,208.0,187.0,100.0,221.0,288.0,61.0,651.0,295.0,1.0,150.0,1.0,6465.0
4,PARTIDO CAMBIO RADICAL,ANDRES FELIPE VASQUEZ MEJIA,1196.0,205.0,69.0,209.0,378.0,159.0,239.0,770.0,355.0,683.0,802.0,217.0,265.0,156.0,685.0,555.0,128.0,934.0,197.0,192.0,162.0,1.0,8557.0
4,PARTIDO CAMBIO RADICAL,ARTURO ENRIQUE OVALLE MOZO,324.0,92.0,22.0,124.0,85.0,62.0,172.0,334.0,158.0,391.0,448.0,102.0,75.0,46.0,58.0,117.0,31.0,125.0,162.0,0.0,89.0,0.0,3017.0
4,PARTIDO CAMBIO RADICAL,BERTHALY VIAFARA,323.0,73.0,54.0,146.0,90.0,103.0,225.0,489.0,217.0,474.0,568.0,182.0,110.0,58.0,78.0,184.0,22.0,185.0,241.0,0.0,87.0,1.0,3910.0
4,PARTIDO CAMBIO RADICAL,CESAR ALFONSO GARCIA VARGAS,713.0,231.0,341.0,822.0,895.0,331.0,1963.0,2529.0,819.0,8573.0,1836.0,609.0,350.0,218.0,346.0,1135.0,117.0,593.0,680.0,0.0,399.0,0.0,23500.0
4,PARTIDO CAMBIO RADICAL,CLAUDIA JIMENA RODRIGUEZ SABOGAL,839.0,184.0,36.0,71.0,44.0,37.0,115.0,233.0,150.0,287.0,681.0,147.0,170.0,44.0,57.0,95.0,24.0,82.0,94.0,2.0,73.0,0.0,3465.0
4,PARTIDO CAMBIO RADICAL,DIANA CAROLINA CRUZ LOPEZ,98.0,28.0,10.0,43.0,32.0,16.0,62.0,98.0,58.0,106.0,155.0,27.0,23.0,16.0,15.0,46.0,1.0,28.0,58.0,0.0,32.0,0.0,952.0
4,PARTIDO CAMBIO RADICAL,FABIO ELIECER MACEA ACUÑA,677.0,180.0,118.0,1127.0,198.0,707.0,822.0,1248.0,584.0,1381.0,1689.0,320.0,431.0,479.0,389.0,470.0,58.0,501.0,777.0,1.0,190.0,2.0,12349.0
4,PARTIDO CAMBIO RADICAL,HENRY CASTRO,410.0,122.0,56.0,284.0,226.0,74.0,309.0,837.0,681.0,476.0,616.0,142.0,202.0,86.0,67.0,169.0,89.0,108.0,409.0,2.0,83.0,0.0,5448.0
4,PARTIDO CAMBIO RADICAL,IVAN ERNESTO PEREZ MELENDRO,227.0,79.0,21.0,71.0,52.0,48.0,101.0,313.0,107.0,209.0,333.0,70.0,70.0,36.0,45.0,91.0,8.0,84.0,109.0,1.0,57.0,1.0,2133.0
4,PARTIDO CAMBIO RADICAL,JENNIFER ANDREA CASTRO TOVAR,132.0,25.0,13.0,51.0,31.0,32.0,87.0,112.0,77.0,198.0,190.0,35.0,43.0,20.0,27.0,50.0,12.0,40.0,62.0,0.0,37.0,0.0,1274.0
4,PARTIDO CAMBIO RADICAL,JORGE HUMBERTO VARGAS ROJAS,615.0,208.0,45.0,195.0,81.0,91.0,234.0,591.0,254.0,694.0,824.0,282.0,1208.0,108.0,90.0,286.0,40.0,196.0,903.0,0.0,138.0,0.0,7083.0
4,PARTIDO CAMBIO RADICAL,JORGE LOZADA VALDERRAMA,1371.0,157.0,309.0,815.0,637.0,664.0,1030.0,1362.0,1161.0,3763.0,2095.0,365.0,372.0,140.0,319.0,559.0,91.0,665.0,826.0,0.0,225.0,1.0,16927.0
4,PARTIDO CAMBIO RADICAL,JOSE ARTUR BERNAL AMOROCHO,377.0,130.0,82.0,311.0,153.0,692.0,751.0,1570.0,709.0,953.0,918.0,295.0,435.0,138.0,153.0,879.0,41.0,354.0,1131.0,5.0,176.0,1.0,10254.0
4,PARTIDO CAMBIO RADICAL,JOSE DAVID CASTELLANOS ORJUELA,3035.0,944.0,133.0,239.0,133.0,138.0,338.0,1132.0,929.0,1792.0,3545.0,657.0,1281.0,146.0,201.0,535.0,75.0,257.0,344.0,0.0,327.0,2.0,16183.0
4,PARTIDO CAMBIO RADICAL,JOSE FRANCISCO FORERO BELLO,293.0,100.0,43.0,145.0,105.0,91.0,230.0,402.0,127.0,403.0,515.0,80.0,99.0,50.0,58.0,132.0,23.0,148.0,202.0,1.0,95.0,0.0,3342.0
4,PARTIDO CAMBIO RADICAL,JOSE IGNACIO GUTIERREZ BOLIVAR,328.0,101.0,65.0,2200.0,87.0,100.0,309.0,553.0,210.0,461.0,540.0,141.0,111.0,65.0,135.0,157.0,54.0,188.0,218.0,0.0,137.0,1.0,6161.0
4,PARTIDO CAMBIO RADICAL,JOSE LEOMAR CORTES DELGADO,104.0,37.0,11.0,52.0,35.0,38.0,83.0,154.0,44.0,151.0,184.0,41.0,31.0,24.0,39.0,58.0,5.0,55.0,73.0,0.0,33.0,0.0,1252.0
4,PARTIDO CAMBIO RADICAL,JUAN FELIPE GRILLO CARRASCO,1946.0,1252.0,318.0,588.0,591.0,279.0,389.0,1000.0,862.0,3183.0,1927.0,361.0,389.0,136.0,159.0,433.0,60.0,336.0,303.0,0.0,282.0,2.0,14796.0
4,PARTIDO CAMBIO RADICAL,JULIO CESAR ACOSTA ACOSTA,1587.0,513.0,292.0,1141.0,637.0,772.0,2185.0,3037.0,1240.0,2561.0,2284.0,971.0,467.0,158.0,292.0,951.0,542.0,827.0,1010.0,1.0,329.0,9.0,21806.0
4,PARTIDO CAMBIO RADICAL,LADY TATIANA RINCON MARTINEZ,130.0,30.0,10.0,44.0,22.0,29.0,90.0,131.0,55.0,187.0,159.0,40.0,55.0,14.0,17.0,41.0,4.0,41.0,79.0,0.0,42.0,0.0,1220.0
4,PARTIDO CAMBIO RADICAL,LEONARDO ALONSO FERNANDEZ NUÑEZ,441.0,103.0,36.0,281.0,252.0,170.0,225.0,559.0,255.0,614.0,655.0,126.0,129.0,63.0,82.0,165.0,26.0,174.0,270.0,0.0,146.0,4.0,4776.0
4,PARTIDO CAMBIO RADICAL,LINA MARIA URUEÑA SANCHEZ,283.0,77.0,31.0,155.0,74.0,80.0,189.0,374.0,202.0,357.0,490.0,90.0,108.0,48.0,70.0,122.0,20.0,134.0,162.0,1.0,90.0,1.0,3158.0
4,PARTIDO CAMBIO RADICAL,LUIS ALBERTO MANIOS VANEGAS,75.0,16.0,9.0,34.0,19.0,20.0,37.0,81.0,52.0,132.0,123.0,23.0,33.0,4.0,17.0,40.0,15.0,37.0,34.0,0.0,14.0,0.0,815.0
4,PARTIDO CAMBIO RADICAL,MARIA CLEMENCIA HERRERA NEMERAYEMA,107.0,29.0,12.0,42.0,28.0,29.0,60.0,101.0,72.0,150.0,123.0,19.0,35.0,10.0,18.0,42.0,12.0,40.0,60.0,0.0,32.0,0.0,1021.0
4,PARTIDO CAMBIO RADICAL,MARIA VALENCIA,670.0,275.0,53.0,156.0,259.0,71.0,236.0,416.0,199.0,399.0,679.0,104.0,158.0,70.0,79.0,137.0,35.0,143.0,189.0,1.0,88.0,1.0,4418.0
4,PARTIDO CAMBIO RADICAL,MARLEN ESGUERRA PACHON,60.0,11.0,12.0,20.0,13.0,16.0,41.0,60.0,35.0,77.0,100.0,13.0,13.0,9.0,10.0,13.0,4.0,24.0,36.0,0.0,15.0,0.0,582.0
4,PARTIDO CAMBIO RADICAL,MELQUISEDEC DE SALVADOR AHUMADA,168.0,50.0,20.0,72.0,49.0,46.0,90.0,189.0,89.0,237.0,271.0,54.0,69.0,23.0,32.0,72.0,13.0,55.0,76.0,0.0,46.0,0.0,1721.0
4,PARTIDO CAMBIO RADICAL,MIGUEL ORLANDO ACEVEDO SALAS,180.0,38.0,14.0,69.0,49.0,29.0,100.0,160.0,70.0,185.0,274.0,50.0,34.0,24.0,27.0,57.0,8.0,57.0,94.0,0.0,26.0,0.0,1545.0
4,PARTIDO CAMBIO RADICAL,MILDRED CASALLAS DE ANGEL,599.0,148.0,123.0,521.0,123.0,251.0,1383.0,1056.0,1046.0,1146.0,1241.0,163.0,235.0,121.0,187.0,550.0,160.0,483.0,1777.0,24.0,155.0,2.0,11494.0
4,PARTIDO CAMBIO RADICAL,PEDRO JULIAN LOPEZ SIERRA,2804.0,193.0,174.0,1095.0,214.0,580.0,1565.0,2284.0,487.0,1156.0,1686.0,386.0,511.0,110.0,148.0,379.0,49.0,738.0,1431.0,17.0,209.0,0.0,16216.0
4,PARTIDO CAMBIO RADICAL,RETIRADO (A),79.0,12.0,12.0,50.0,19.0,18.0,60.0,87.0,48.0,107.0,117.0,34.0,25.0,7.0,18.0,40.0,1.0,32.0,48.0,0.0,17.0,0.0,831.0
4,PARTIDO CAMBIO RADICAL,REVOCADO (A),65.0,17.0,10.0,25.0,21.0,14.0,38.0,70.0,23.0,86.0,103.0,20.0,18.0,12.0,18.0,36.0,2.0,18.0,36.0,0.0,21.0,0.0,653.0
4,PARTIDO CAMBIO RADICAL,ROBERTO HINESTROSA REY,2532.0,1204.0,198.0,347.0,209.0,232.0,497.0,1464.0,703.0,1617.0,2825.0,622.0,805.0,179.0,206.0,513.0,105.0,353.0,430.0,0.0,353.0,53.0,15447.0
4,PARTIDO CAMBIO RADICAL,RODOLFO RINCON SOSA,98.0,27.0,19.0,54.0,30.0,36.0,54.0,110.0,60.0,135.0,162.0,29.0,37.0,26.0,24.0,37.0,10.0,27.0,51.0,0.0,37.0,0.0,1063.0
4,PARTIDO CAMBIO RADICAL,RODRIGO LOZANO VILA,4098.0,3418.0,105.0,128.0,96.0,62.0,177.0,532.0,289.0,605.0,2328.0,346.0,413.0,82.0,69.0,178.0,31.0,114.0,109.0,0.0,204.0,0.0,13384.0
4,PARTIDO CAMBIO RADICAL,ROLANDO ALBERTO GONZALEZ GARCIA,1941.0,981.0,216.0,517.0,264.0,471.0,749.0,1533.0,621.0,1489.0,2352.0,421.0,697.0,163.0,230.0,590.0,95.0,439.0,493.0,1.0,286.0,5.0,14554.0
4,PARTIDO CAMBIO RADICAL,RUBY TERESA MOSQUERA CARRETERO,133.0,31.0,15.0,61.0,21.0,36.0,115.0,161.0,54.0,159.0,191.0,44.0,41.0,14.0,20.0,40.0,7.0,43.0,77.0,0.0,31.0,0.0,1294.0
4,PARTIDO CAMBIO RADICAL,RUTH MERY CANIZALES OVALLE,124.0,19.0,18.0,39.0,38.0,41.0,53.0,114.0,64.0,158.0,185.0,24.0,45.0,12.0,19.0,48.0,4.0,32.0,55.0,3.0,32.0,0.0,1127.0
4,PARTIDO CAMBIO RADICAL,SANDRA LILIANA SALAZAR MARTINEZ,921.0,340.0,189.0,331.0,496.0,264.0,950.0,1510.0,471.0,1380.0,1280.0,309.0,443.0,146.0,148.0,378.0,97.0,733.0,748.0,1.0,220.0,4.0,11359.0
4,PARTIDO CAMBIO RADICAL,SANDRA LISSETH BARON GARCIA,64.0,14.0,11.0,38.0,25.0,21.0,47.0,89.0,33.0,96.0,96.0,28.0,15.0,14.0,17.0,30.0,4.0,23.0,47.0,0.0,10.0,0.0,722.0
4,PARTIDO CAMBIO RADICAL,SELENI SANCHEZ ROJAS,72.0,19.0,9.0,45.0,24.0,19.0,38.0,113.0,54.0,123.0,123.0,20.0,30.0,23.0,14.0,46.0,5.0,50.0,64.0,1.0,10.0,0.0,902.0
4,PARTIDO CAMBIO RADICAL,YAMILE AYALA PEREZ,75.0,18.0,14.0,55.0,41.0,27.0,68.0,115.0,46.0,114.0,114.0,26.0,22.0,13.0,11.0,41.0,4.0,39.0,57.0,0.0,29.0,0.0,929.0
4,PARTIDO CAMBIO RADICAL,YEFER YESID VEGA BOBADILLA,1412.0,588.0,337.0,842.0,441.0,692.0,965.0,2840.0,1605.0,2725.0,2920.0,893.0,759.0,848.0,1255.0,1111.0,190.0,678.0,2370.0,7.0,460.0,10.0,23948.0
5,PARTIDO ALIANZA VERDE,ANDRES FELIPE YANES QUINTERO,111.0,53.0,20.0,53.0,27.0,26.0,52.0,161.0,56.0,190.0,152.0,39.0,57.0,22.0,9.0,39.0,14.0,43.0,53.0,0.0,56.0,0.0,1233.0
5,PARTIDO ALIANZA VERDE,ANGELICA MARIN AGUDELO,149.0,114.0,13.0,49.0,15.0,48.0,65.0,110.0,59.0,259.0,265.0,57.0,89.0,11.0,23.0,50.0,10.0,34.0,60.0,0.0,51.0,0.0,1531.0
5,PARTIDO ALIANZA VERDE,ANTONIO ERESMID SANGUINO PAEZ,972.0,492.0,129.0,1201.0,638.0,292.0,476.0,1442.0,650.0,1134.0,1638.0,310.0,608.0,255.0,315.0,532.0,85.0,341.0,308.0,1.0,261.0,0.0,12080.0
5,PARTIDO ALIANZA VERDE,ANTONIO MOURIN PEDRAZA,45.0,27.0,4.0,27.0,25.0,18.0,42.0,59.0,46.0,82.0,74.0,19.0,24.0,14.0,12.0,43.0,11.0,39.0,29.0,0.0,14.0,0.0,654.0
5,PARTIDO ALIANZA VERDE,BLANCA INES DURAN HERNANDEZ,569.0,693.0,104.0,165.0,69.0,85.0,161.0,561.0,233.0,683.0,738.0,201.0,349.0,87.0,80.0,205.0,49.0,150.0,157.0,0.0,136.0,0.0,5475.0
5,PARTIDO ALIANZA VERDE,BORYS DE JESUS MONTESDEOCA ANAYA,326.0,130.0,92.0,284.0,171.0,203.0,298.0,592.0,284.0,756.0,779.0,144.0,226.0,72.0,123.0,234.0,218.0,263.0,261.0,0.0,115.0,6.0,5577.0
5,PARTIDO ALIANZA VERDE,CARLOS ROBERTO SAENZ VARGAS,465.0,169.0,87.0,196.0,127.0,81.0,194.0,466.0,170.0,444.0,775.0,177.0,319.0,67.0,94.0,180.0,58.0,171.0,188.0,0.0,136.0,0.0,4564.0
5,PARTIDO ALIANZA VERDE,DANIEL PINTO CASTELBLANCO,62.0,14.0,7.0,16.0,15.0,10.0,29.0,48.0,21.0,42.0,58.0,6.0,10.0,9.0,6.0,15.0,1.0,15.0,15.0,0.0,11.0,0.0,410.0
5,PARTIDO ALIANZA VERDE,DAVID MONSALVE DOMINGUEZ,317.0,85.0,38.0,57.0,46.0,273.0,144.0,244.0,156.0,391.0,724.0,162.0,148.0,42.0,45.0,162.0,29.0,128.0,103.0,2.0,107.0,0.0,3403.0
5,PARTIDO ALIANZA VERDE,DIANA ALEJANDRA RODRIGUEZ CORTES,191.0,88.0,64.0,159.0,128.0,176.0,265.0,830.0,237.0,410.0,443.0,81.0,164.0,96.0,68.0,279.0,38.0,227.0,189.0,1.0,114.0,0.0,4248.0
5,PARTIDO ALIANZA VERDE,DIEGO ANDRES CANCINO MARTINEZ,893.0,487.0,77.0,61.0,28.0,51.0,70.0,300.0,180.0,482.0,1001.0,213.0,437.0,51.0,52.0,144.0,40.0,90.0,75.0,0.0,136.0,0.0,4868.0
5,PARTIDO ALIANZA VERDE,DIEGO GUILLERMO LASERNA ARIAS,2401.0,1962.0,70.0,74.0,47.0,36.0,85.0,296.0,258.0,545.0,1537.0,255.0,355.0,60.0,53.0,120.0,36.0,75.0,71.0,0.0,167.0,0.0,8503.0
5,PARTIDO ALIANZA VERDE,DIEGO MAURICIO PLAZAS GIL,217.0,49.0,18.0,90.0,49.0,22.0,62.0,135.0,83.0,229.0,342.0,58.0,54.0,22.0,27.0,47.0,6.0,54.0,71.0,0.0,36.0,2.0,1673.0
5,PARTIDO ALIANZA VERDE,DIEGO RAMIRO GARCIA BEJARANO,367.0,133.0,111.0,257.0,259.0,747.0,716.0,764.0,345.0,715.0,1313.0,208.0,349.0,259.0,112.0,376.0,68.0,288.0,552.0,4.0,283.0,0.0,8226.0
5,PARTIDO ALIANZA VERDE,DORA LUCIA BASTIDAS UBATE,1249.0,574.0,125.0,190.0,119.0,166.0,223.0,785.0,546.0,1177.0,1657.0,368.0,534.0,188.0,183.0,531.0,66.0,243.0,230.0,2.0,221.0,26.0,9403.0
5,PARTIDO ALIANZA VERDE,EDWARD ANIBAL ARIAS RUBIO,1024.0,233.0,111.0,771.0,267.0,550.0,904.0,1780.0,956.0,1643.0,2796.0,342.0,373.0,309.0,206.0,558.0,149.0,538.0,981.0,0.0,279.0,3.0,14773.0
5,PARTIDO ALIANZA VERDE,ELIANA MILENA SANDOVAL VELANDIA,290.0,101.0,30.0,83.0,66.0,61.0,66.0,481.0,136.0,348.0,296.0,76.0,123.0,44.0,44.0,144.0,24.0,79.0,94.0,0.0,79.0,0.0,2665.0
5,PARTIDO ALIANZA VERDE,FEDERICO SANCHEZ RUCINQUE,79.0,28.0,5.0,35.0,22.0,19.0,44.0,67.0,42.0,80.0,157.0,32.0,26.0,10.0,12.0,23.0,2.0,25.0,32.0,0.0,18.0,0.0,758.0
5,PARTIDO ALIANZA VERDE,FLOR MARIA HERNANDEZ CASTRO,230.0,84.0,29.0,93.0,68.0,56.0,134.0,241.0,98.0,276.0,332.0,58.0,61.0,37.0,35.0,78.0,7.0,94.0,85.0,1.0,67.0,1.0,2165.0
5,PARTIDO ALIANZA VERDE,HOSMAN YAITH MARTINEZ MORENO,862.0,556.0,125.0,492.0,320.0,384.0,555.0,1557.0,2278.0,1652.0,2136.0,560.0,387.0,616.0,216.0,793.0,123.0,706.0,522.0,0.0,330.0,2.0,15172.0
5,PARTIDO ALIANZA VERDE,JAIRO GOMEZ RAMOS,171.0,58.0,44.0,284.0,731.0,195.0,178.0,301.0,168.0,498.0,362.0,92.0,95.0,51.0,108.0,142.0,40.0,3299.0,237.0,0.0,131.0,2.0,7187.0
5,PARTIDO ALIANZA VERDE,JESUS GABRIEL GARCIA CABRALES,57.0,21.0,4.0,39.0,32.0,10.0,47.0,73.0,49.0,71.0,173.0,32.0,24.0,9.0,10.0,24.0,8.0,35.0,29.0,0.0,24.0,0.0,771.0
5,PARTIDO ALIANZA VERDE,JESUS MARIA RAMIREZ GUERRERO,237.0,53.0,17.0,85.0,51.0,51.0,113.0,225.0,94.0,387.0,361.0,71.0,51.0,21.0,35.0,59.0,15.0,73.0,76.0,0.0,36.0,1.0,2112.0
5,PARTIDO ALIANZA VERDE,JORGE EDUARDO TORRES CAMARGO,2602.0,974.0,149.0,293.0,87.0,175.0,255.0,1227.0,816.0,1888.0,3222.0,642.0,1031.0,178.0,216.0,507.0,71.0,280.0,209.0,1.0,495.0,0.0,15318.0
5,PARTIDO ALIANZA VERDE,JOSE CAYETANO MORA SOTOMONTES,73.0,27.0,15.0,54.0,35.0,20.0,82.0,269.0,65.0,136.0,141.0,36.0,26.0,19.0,15.0,56.0,7.0,45.0,44.0,0.0,35.0,0.0,1200.0
5,PARTIDO ALIANZA VERDE,JOSE MANUEL GARZON ARIAS,433.0,110.0,66.0,374.0,203.0,218.0,468.0,926.0,324.0,930.0,891.0,209.0,149.0,116.0,163.0,358.0,32.0,331.0,398.0,0.0,252.0,1.0,6952.0
5,PARTIDO ALIANZA VERDE,JOSE RICARDO CAÑON DIAZ,517.0,222.0,76.0,312.0,205.0,250.0,360.0,770.0,319.0,857.0,995.0,344.0,308.0,503.0,117.0,457.0,80.0,246.0,325.0,0.0,158.0,1.0,7422.0
5,PARTIDO ALIANZA VERDE,JUAN PABLO LESMES MOYA,93.0,38.0,24.0,218.0,86.0,60.0,164.0,267.0,89.0,369.0,273.0,51.0,32.0,29.0,37.0,88.0,18.0,174.0,171.0,0.0,79.0,0.0,2360.0
5,PARTIDO ALIANZA VERDE,JUANITA DE LOS ANGELES ARIZA GUZMAN,90.0,40.0,17.0,65.0,49.0,29.0,91.0,128.0,57.0,124.0,141.0,36.0,42.0,24.0,15.0,37.0,6.0,51.0,71.0,0.0,43.0,0.0,1156.0
5,PARTIDO ALIANZA VERDE,JULIAN ESPINOSA ORTIZ,468.0,155.0,80.0,247.0,165.0,159.0,323.0,648.0,256.0,642.0,623.0,164.0,354.0,143.0,136.0,268.0,39.0,401.0,232.0,0.0,121.0,2.0,5626.0
5,PARTIDO ALIANZA VERDE,LUIS ERNESTO OLAVE VALENCIA,46.0,23.0,25.0,62.0,86.0,53.0,59.0,107.0,58.0,113.0,129.0,30.0,31.0,22.0,11.0,68.0,18.0,35.0,41.0,0.0,25.0,0.0,1042.0
5,PARTIDO ALIANZA VERDE,LUIS FERNANDO GARZON LOZADA,94.0,42.0,52.0,112.0,36.0,30.0,64.0,141.0,69.0,139.0,221.0,40.0,75.0,27.0,30.0,106.0,116.0,76.0,58.0,1.0,44.0,0.0,1573.0
5,PARTIDO ALIANZA VERDE,LUISA ELENA PINEDO MARTINEZ,161.0,51.0,23.0,98.0,45.0,48.0,99.0,189.0,80.0,198.0,261.0,42.0,66.0,34.0,33.0,86.0,14.0,133.0,121.0,0.0,62.0,0.0,1844.0
5,PARTIDO ALIANZA VERDE,LUZ MARINA ARIAS BERMUDEZ,153.0,55.0,28.0,111.0,57.0,62.0,126.0,226.0,85.0,254.0,280.0,61.0,63.0,46.0,43.0,205.0,17.0,126.0,69.0,0.0,60.0,0.0,2127.0
5,PARTIDO ALIANZA VERDE,MARIA CLARA NAME RAMIREZ,1220.0,322.0,179.0,631.0,276.0,382.0,735.0,1453.0,610.0,1549.0,1761.0,456.0,459.0,180.0,151.0,467.0,157.0,374.0,865.0,0.0,251.0,3.0,12481.0
5,PARTIDO ALIANZA VERDE,MARIA FERNANDA ROJAS MANTILLA,1045.0,780.0,163.0,185.0,79.0,117.0,242.0,816.0,508.0,994.0,1597.0,405.0,782.0,101.0,111.0,316.0,107.0,216.0,206.0,0.0,200.0,0.0,8970.0
5,PARTIDO ALIANZA VERDE,MIRTHA TRINIDAD RODRIGUEZ VALENZUELA,51.0,17.0,13.0,46.0,26.0,15.0,47.0,136.0,44.0,96.0,117.0,27.0,29.0,13.0,15.0,35.0,7.0,60.0,45.0,1.0,24.0,0.0,864.0
5,PARTIDO ALIANZA VERDE,OLGA LUCIA SERRANO FALLA,1658.0,324.0,33.0,65.0,23.0,58.0,75.0,220.0,145.0,348.0,900.0,148.0,175.0,29.0,46.0,74.0,13.0,63.0,57.0,0.0,90.0,0.0,4544.0
5,PARTIDO ALIANZA VERDE,PASTOR RODRIGUEZ QUIJANO,223.0,31.0,15.0,28.0,20.0,42.0,81.0,143.0,64.0,180.0,234.0,53.0,47.0,19.0,26.0,34.0,5.0,83.0,58.0,0.0,40.0,0.0,1426.0
5,PARTIDO ALIANZA VERDE,REVOCADO (A),143.0,56.0,27.0,71.0,70.0,37.0,114.0,167.0,80.0,176.0,270.0,47.0,62.0,34.0,29.0,69.0,29.0,54.0,72.0,0.0,40.0,1.0,1648.0
5,PARTIDO ALIANZA VERDE,SELMA BEATRIZ ASPRILLA CORONADO,321.0,138.0,76.0,224.0,2263.0,357.0,673.0,494.0,218.0,506.0,553.0,167.0,219.0,74.0,95.0,159.0,81.0,1096.0,682.0,7.0,150.0,3.0,8556.0
5,PARTIDO ALIANZA VERDE,SERGIO DAVID TORRES CARDENAS,84.0,25.0,14.0,46.0,30.0,22.0,59.0,179.0,75.0,198.0,162.0,46.0,45.0,24.0,23.0,69.0,6.0,53.0,56.0,0.0,34.0,1.0,1251.0
5,PARTIDO ALIANZA VERDE,SOLARIUS TORIJANO ALFONSO,39.0,9.0,8.0,23.0,14.0,17.0,31.0,40.0,30.0,55.0,74.0,18.0,20.0,6.0,14.0,26.0,2.0,26.0,27.0,0.0,20.0,0.0,499.0
5,PARTIDO ALIANZA VERDE,YEZID RAFAEL GARCIA ABELLO,481.0,297.0,140.0,659.0,185.0,491.0,326.0,991.0,490.0,1118.0,856.0,216.0,353.0,123.0,212.0,427.0,113.0,345.0,882.0,0.0,144.0,0.0,8849.0
6,MOVIMIENTO AUTORIDADES INDÍGENAS DE COLOMBIA,ADRIANA MARIA BOLAÑOS ROJAS,1.0,1.0,3.0,2.0,9.0,3.0,5.0,10.0,3.0,5.0,16.0,1.0,3.0,0.0,0.0,4.0,2.0,5.0,8.0,0.0,2.0,0.0,83.0
6,MOVIMIENTO AUTORIDADES INDÍGENAS DE COLOMBIA,ANGEL ESTEBAN RODRIGUEZ RIASCOS,15.0,2.0,21.0,13.0,15.0,4.0,12.0,18.0,6.0,19.0,16.0,3.0,7.0,4.0,3.0,8.0,4.0,15.0,18.0,0.0,3.0,0.0,206.0
6,MOVIMIENTO AUTORIDADES INDÍGENAS DE COLOMBIA,CONSUELO RIAÑO MONTIEL,3.0,0.0,1.0,0.0,4.0,1.0,0.0,6.0,1.0,1.0,13.0,0.0,0.0,0.0,0.0,2.0,0.0,2.0,10.0,0.0,1.0,0.0,45.0
6,MOVIMIENTO AUTORIDADES INDÍGENAS DE COLOMBIA,DARIO SANTIAGO CUERO MEZA,6.0,2.0,1.0,8.0,6.0,2.0,9.0,18.0,6.0,15.0,23.0,3.0,3.0,0.0,2.0,6.0,4.0,10.0,11.0,0.0,5.0,0.0,140.0
6,MOVIMIENTO AUTORIDADES INDÍGENAS DE COLOMBIA,DIANA PANAMEÑO URBANO,4.0,2.0,3.0,7.0,5.0,2.0,8.0,14.0,7.0,13.0,14.0,1.0,3.0,0.0,0.0,5.0,2.0,6.0,14.0,0.0,3.0,0.0,113.0
6,MOVIMIENTO AUTORIDADES INDÍGENAS DE COLOMBIA,FELIX BIENVENIDO ARIÑO FERNANDEZ,21.0,7.0,25.0,19.0,8.0,7.0,12.0,28.0,14.0,39.0,27.0,1.0,7.0,5.0,2.0,12.0,2.0,11.0,16.0,0.0,7.0,0.0,270.0
6,MOVIMIENTO AUTORIDADES INDÍGENAS DE COLOMBIA,GABRIEL ANTONIO MENDEZ LOPEZ,1.0,0.0,0.0,4.0,1.0,2.0,5.0,6.0,3.0,6.0,8.0,3.0,0.0,1.0,0.0,1.0,2.0,0.0,1.0,0.0,1.0,0.0,45.0
6,MOVIMIENTO AUTORIDADES INDÍGENAS DE COLOMBIA,GLADYS STELLA GALVIS BULLA,3.0,1.0,2.0,2.0,7.0,3.0,4.0,13.0,0.0,5.0,38.0,5.0,3.0,0.0,2.0,8.0,2.0,1.0,7.0,0.0,7.0,0.0,113.0
6,MOVIMIENTO AUTORIDADES INDÍGENAS DE COLOMBIA,GLARINA LOSADA JIMENEZ,2.0,0.0,0.0,2.0,3.0,1.0,4.0,11.0,7.0,7.0,12.0,1.0,1.0,2.0,0.0,3.0,0.0,1.0,6.0,0.0,0.0,0.0,63.0
6,MOVIMIENTO AUTORIDADES INDÍGENAS DE COLOMBIA,HENRY ENRIQUE SANCHEZ JIMENEZ,16.0,6.0,13.0,16.0,97.0,10.0,68.0,46.0,11.0,38.0,32.0,2.0,24.0,24.0,3.0,14.0,6.0,11.0,165.0,0.0,11.0,0.0,613.0
6,MOVIMIENTO AUTORIDADES INDÍGENAS DE COLOMBIA,JAIME ALVAREZ COCA,10.0,2.0,27.0,10.0,5.0,9.0,14.0,15.0,5.0,13.0,18.0,10.0,11.0,12.0,4.0,7.0,10.0,7.0,10.0,0.0,4.0,0.0,203.0
6,MOVIMIENTO AUTORIDADES INDÍGENAS DE COLOMBIA,JORGE LUIS VALDES HERNANDEZ,11.0,4.0,8.0,5.0,7.0,4.0,6.0,31.0,4.0,21.0,13.0,3.0,3.0,4.0,1.0,8.0,2.0,4.0,14.0,0.0,2.0,0.0,155.0
6,MOVIMIENTO AUTORIDADES INDÍGENAS DE COLOMBIA,JOSE MARIA SILVA PEDRAZA,19.0,6.0,2.0,9.0,15.0,10.0,26.0,47.0,5.0,24.0,35.0,4.0,4.0,5.0,3.0,9.0,3.0,14.0,19.0,0.0,2.0,1.0,262.0
6,MOVIMIENTO AUTORIDADES INDÍGENAS DE COLOMBIA,JOSEFINA PEDRAZA DE PABON,71.0,20.0,38.0,30.0,25.0,23.0,46.0,106.0,43.0,95.0,151.0,22.0,32.0,9.0,20.0,76.0,11.0,47.0,43.0,0.0,12.0,0.0,920.0
6,MOVIMIENTO AUTORIDADES INDÍGENAS DE COLOMBIA,LUIS CARLOS MENDEZ RIBON,15.0,2.0,5.0,36.0,11.0,22.0,18.0,62.0,19.0,36.0,22.0,12.0,11.0,8.0,5.0,38.0,7.0,28.0,24.0,0.0,14.0,14.0,409.0
6,MOVIMIENTO AUTORIDADES INDÍGENAS DE COLOMBIA,LUIS EDUARDO MORENO MADRID,3.0,0.0,0.0,2.0,1.0,15.0,1.0,8.0,2.0,8.0,7.0,2.0,1.0,3.0,1.0,18.0,2.0,4.0,4.0,0.0,0.0,0.0,82.0
6,MOVIMIENTO AUTORIDADES INDÍGENAS DE COLOMBIA,MARGARITA CHAVARRIA,21.0,1.0,13.0,10.0,8.0,5.0,21.0,28.0,8.0,18.0,43.0,2.0,4.0,6.0,3.0,10.0,1.0,14.0,19.0,0.0,2.0,0.0,237.0
6,MOVIMIENTO AUTORIDADES INDÍGENAS DE COLOMBIA,MARIA ANGELICA BUELVAS ZAPATA,7.0,1.0,4.0,10.0,9.0,5.0,4.0,14.0,2.0,6.0,18.0,2.0,2.0,2.0,1.0,6.0,1.0,9.0,9.0,0.0,3.0,0.0,115.0
6,MOVIMIENTO AUTORIDADES INDÍGENAS DE COLOMBIA,NICOLAS GONGORA SALAS,6.0,2.0,5.0,15.0,2.0,8.0,2.0,21.0,6.0,16.0,59.0,4.0,3.0,19.0,14.0,22.0,3.0,6.0,10.0,0.0,7.0,0.0,230.0
6,MOVIMIENTO AUTORIDADES INDÍGENAS DE COLOMBIA,NOEL SANTAMARIA JEREZ,8.0,3.0,4.0,19.0,84.0,7.0,25.0,29.0,6.0,16.0,21.0,4.0,4.0,3.0,4.0,9.0,0.0,9.0,18.0,0.0,5.0,0.0,278.0
6,MOVIMIENTO AUTORIDADES INDÍGENAS DE COLOMBIA,ORLANDO MAHECHA MURCIA,17.0,6.0,9.0,25.0,46.0,27.0,147.0,145.0,53.0,134.0,168.0,14.0,9.0,7.0,10.0,44.0,5.0,51.0,95.0,0.0,29.0,0.0,1041.0
6,MOVIMIENTO AUTORIDADES INDÍGENAS DE COLOMBIA,PLINIO CASTILLO RODRIGUEZ,6.0,2.0,2.0,15.0,3.0,54.0,42.0,36.0,15.0,23.0,15.0,2.0,7.0,8.0,4.0,17.0,2.0,17.0,246.0,0.0,7.0,0.0,523.0
6,MOVIMIENTO AUTORIDADES INDÍGENAS DE COLOMBIA,RETIRADO (A),13.0,5.0,4.0,9.0,12.0,2.0,7.0,16.0,5.0,7.0,24.0,4.0,8.0,1.0,0.0,8.0,1.0,3.0,20.0,1.0,3.0,0.0,153.0
6,MOVIMIENTO AUTORIDADES INDÍGENAS DE COLOMBIA,REVOCADO (A),8.0,0.0,4.0,5.0,10.0,3.0,8.0,25.0,5.0,14.0,18.0,3.0,3.0,1.0,2.0,6.0,5.0,5.0,10.0,0.0,1.0,0.0,136.0
6,MOVIMIENTO AUTORIDADES INDÍGENAS DE COLOMBIA,SANDRA PATRICIA RAMIREZ DIAZ,5.0,2.0,9.0,12.0,9.0,5.0,18.0,23.0,8.0,19.0,46.0,5.0,0.0,4.0,2.0,7.0,0.0,7.0,12.0,0.0,1.0,0.0,194.0
6,MOVIMIENTO AUTORIDADES INDÍGENAS DE COLOMBIA,WALTER ALEXIS HERNANDEZ AVILA,3.0,0.0,0.0,2.0,3.0,1.0,2.0,5.0,3.0,2.0,11.0,0.0,5.0,2.0,0.0,1.0,0.0,3.0,3.0,0.0,0.0,0.0,46.0
6,MOVIMIENTO AUTORIDADES INDÍGENAS DE COLOMBIA,WILLIAM CIFUENTES GARCIA,20.0,0.0,8.0,8.0,19.0,10.0,11.0,79.0,18.0,12.0,19.0,6.0,10.0,3.0,4.0,33.0,2.0,10.0,20.0,0.0,7.0,0.0,299.0
6,MOVIMIENTO AUTORIDADES INDÍGENAS DE COLOMBIA,WILLIAM JAVIER LAITON ROJAS,10.0,5.0,15.0,26.0,12.0,4.0,27.0,40.0,46.0,46.0,39.0,6.0,8.0,3.0,11.0,15.0,2.0,22.0,69.0,0.0,11.0,0.0,417.0
6,MOVIMIENTO AUTORIDADES INDÍGENAS DE COLOMBIA,WISTON FERNEY IDROBO MOLINA,34.0,13.0,10.0,23.0,51.0,41.0,29.0,182.0,16.0,54.0,62.0,14.0,19.0,11.0,10.0,35.0,5.0,96.0,69.0,0.0,11.0,0.0,785.0
6,MOVIMIENTO AUTORIDADES INDÍGENAS DE COLOMBIA,YORLADIS BELTRAN VILLEGAS,7.0,2.0,1.0,10.0,6.0,2.0,12.0,10.0,4.0,11.0,22.0,5.0,1.0,2.0,0.0,9.0,0.0,6.0,4.0,0.0,2.0,0.0,116.0
7,PARTIDO ALIANZA SOCIAL INDEPENDIENTE,ASTRID CARO RAMIREZ,63.0,36.0,20.0,21.0,16.0,25.0,35.0,111.0,43.0,124.0,128.0,25.0,29.0,12.0,28.0,40.0,7.0,27.0,25.0,0.0,29.0,0.0,844.0
7,PARTIDO ALIANZA SOCIAL INDEPENDIENTE,DEINY YINETH IPUZ JIMENEZ,18.0,2.0,4.0,9.0,3.0,3.0,14.0,23.0,10.0,21.0,31.0,7.0,5.0,2.0,3.0,11.0,2.0,7.0,13.0,1.0,14.0,0.0,203.0
7,PARTIDO ALIANZA SOCIAL INDEPENDIENTE,DIANA MARCELA FLOREZ AGUDELO,47.0,8.0,5.0,16.0,16.0,10.0,19.0,48.0,24.0,55.0,40.0,13.0,9.0,1.0,13.0,10.0,5.0,26.0,24.0,0.0,6.0,0.0,395.0
7,PARTIDO ALIANZA SOCIAL INDEPENDIENTE,DIEGO ALEXANDER ROJAS PULIDO,84.0,16.0,24.0,48.0,34.0,29.0,87.0,160.0,60.0,219.0,185.0,34.0,25.0,19.0,22.0,69.0,10.0,62.0,76.0,1.0,26.0,0.0,1290.0
7,PARTIDO ALIANZA SOCIAL INDEPENDIENTE,EDWARD LEONARDO RAMIREZ AVELLA,74.0,27.0,9.0,10.0,16.0,11.0,21.0,57.0,36.0,57.0,77.0,26.0,34.0,13.0,6.0,21.0,5.0,19.0,13.0,0.0,16.0,0.0,548.0
7,PARTIDO ALIANZA SOCIAL INDEPENDIENTE,FERNANDO ROJAS PARRA,713.0,319.0,55.0,97.0,35.0,39.0,75.0,298.0,167.0,375.0,750.0,118.0,268.0,41.0,64.0,132.0,37.0,80.0,77.0,0.0,105.0,0.0,3845.0
7,PARTIDO ALIANZA SOCIAL INDEPENDIENTE,HUGO GUALTERO OVIEDO,59.0,20.0,17.0,83.0,32.0,16.0,56.0,187.0,34.0,86.0,91.0,12.0,25.0,21.0,82.0,54.0,16.0,78.0,72.0,0.0,20.0,1.0,1062.0
7,PARTIDO ALIANZA SOCIAL INDEPENDIENTE,JAVIER FRANCISCO BECERRA CORNEJO,65.0,22.0,10.0,27.0,20.0,13.0,40.0,79.0,25.0,111.0,125.0,28.0,28.0,13.0,6.0,37.0,5.0,39.0,38.0,0.0,8.0,0.0,739.0
7,PARTIDO ALIANZA SOCIAL INDEPENDIENTE,JEANNETTE ELISA RUBIANO HERNANDEZ,26.0,19.0,7.0,16.0,18.0,9.0,23.0,51.0,14.0,57.0,63.0,13.0,16.0,10.0,8.0,34.0,3.0,20.0,19.0,0.0,12.0,0.0,438.0
7,PARTIDO ALIANZA SOCIAL INDEPENDIENTE,JUAN CARLOS FLOREZ ARCILA,6235.0,2949.0,385.0,435.0,129.0,371.0,433.0,2265.0,1658.0,3168.0,6821.0,1522.0,2450.0,395.0,452.0,1195.0,233.0,470.0,347.0,0.0,702.0,2.0,32617.0
7,PARTIDO ALIANZA SOCIAL INDEPENDIENTE,MARIA EUGENIA CUERVO SAAVEDRA,44.0,11.0,6.0,8.0,3.0,3.0,15.0,33.0,15.0,29.0,49.0,10.0,14.0,1.0,5.0,6.0,3.0,14.0,20.0,0.0,5.0,2.0,296.0
7,PARTIDO ALIANZA SOCIAL INDEPENDIENTE,OCTAVIO ENRIQUE RUBIO RENGIFO,122.0,56.0,42.0,71.0,44.0,46.0,89.0,330.0,143.0,266.0,272.0,49.0,70.0,48.0,47.0,120.0,21.0,94.0,154.0,3.0,48.0,1.0,2136.0
8,MOVIMIENTO MIRA,AMANDA PEÑALOZA VIRGUEZ,49.0,28.0,20.0,89.0,56.0,29.0,70.0,147.0,145.0,178.0,142.0,30.0,26.0,29.0,20.0,71.0,7.0,114.0,115.0,0.0,23.0,1.0,1389.0
8,MOVIMIENTO MIRA,ANA CLEOFE LOPEZ DE NIÑO,86.0,29.0,40.0,112.0,87.0,58.0,266.0,282.0,115.0,633.0,240.0,65.0,39.0,29.0,40.0,93.0,20.0,119.0,175.0,0.0,30.0,0.0,2558.0
8,MOVIMIENTO MIRA,BELISARIA MOSQUERA TELLO,82.0,25.0,35.0,104.0,150.0,34.0,147.0,231.0,75.0,331.0,212.0,25.0,26.0,23.0,28.0,42.0,8.0,80.0,155.0,0.0,38.0,0.0,1851.0
8,MOVIMIENTO MIRA,BLANCA CECILIA MOGOLLON GORDILLO,59.0,25.0,15.0,49.0,38.0,36.0,88.0,156.0,71.0,166.0,157.0,35.0,18.0,15.0,25.0,44.0,10.0,42.0,76.0,0.0,37.0,0.0,1162.0
8,MOVIMIENTO MIRA,CONSUELO BOCANEGRA YACUMA,50.0,15.0,10.0,57.0,22.0,17.0,79.0,125.0,52.0,155.0,124.0,22.0,22.0,16.0,27.0,175.0,6.0,46.0,70.0,1.0,27.0,0.0,1118.0
8,MOVIMIENTO MIRA,EDUARDO RIVERA BELEÑO,56.0,7.0,14.0,78.0,68.0,43.0,109.0,169.0,73.0,153.0,171.0,35.0,20.0,14.0,30.0,54.0,17.0,122.0,106.0,0.0,30.0,0.0,1369.0
8,MOVIMIENTO MIRA,GLORIA STELLA DIAZ ORTIZ,2471.0,288.0,240.0,1844.0,1068.0,1104.0,3927.0,5946.0,695.0,2102.0,5224.0,503.0,397.0,570.0,1181.0,1049.0,132.0,1784.0,2598.0,1.0,395.0,5.0,33524.0
8,MOVIMIENTO MIRA,GUILLERMO GONZALEZ DIAZ,71.0,16.0,14.0,65.0,40.0,37.0,100.0,131.0,57.0,172.0,146.0,30.0,16.0,14.0,22.0,37.0,5.0,51.0,89.0,0.0,19.0,0.0,1132.0
8,MOVIMIENTO MIRA,JAIRO CARDOZO SALAZAR,188.0,231.0,69.0,109.0,62.0,90.0,293.0,526.0,1838.0,5038.0,555.0,842.0,451.0,59.0,103.0,154.0,36.0,176.0,120.0,0.0,140.0,0.0,11080.0
8,MOVIMIENTO MIRA,JANNER ERIBERTO ALEMAN SEVERICHE,93.0,33.0,21.0,99.0,90.0,59.0,105.0,251.0,95.0,229.0,748.0,47.0,21.0,33.0,38.0,87.0,7.0,75.0,175.0,0.0,28.0,1.0,2335.0
8,MOVIMIENTO MIRA,JEFFERSSON ANDREY ZULUAGA PINEDA,38.0,20.0,24.0,56.0,53.0,68.0,61.0,131.0,53.0,82.0,79.0,17.0,9.0,11.0,14.0,24.0,11.0,63.0,43.0,0.0,12.0,0.0,869.0
8,MOVIMIENTO MIRA,KEVIN DAVID DEL CAMPO REINA,77.0,26.0,32.0,192.0,95.0,58.0,173.0,275.0,123.0,320.0,314.0,50.0,41.0,52.0,46.0,89.0,12.0,113.0,198.0,0.0,45.0,0.0,2331.0
8,MOVIMIENTO MIRA,LEIDY ESPERANZA SANCHEZ PULIDO,64.0,18.0,34.0,97.0,43.0,50.0,123.0,171.0,83.0,621.0,150.0,37.0,27.0,21.0,22.0,74.0,14.0,60.0,131.0,0.0,28.0,0.0,1868.0
8,MOVIMIENTO MIRA,LIGIA GUZMAN TORRES,100.0,32.0,15.0,116.0,60.0,54.0,178.0,198.0,56.0,209.0,187.0,35.0,32.0,22.0,29.0,63.0,10.0,92.0,155.0,1.0,25.0,0.0,1669.0
8,MOVIMIENTO MIRA,LUZ MARGOTH ROCHA,56.0,174.0,24.0,68.0,45.0,44.0,116.0,188.0,75.0,220.0,153.0,30.0,14.0,14.0,24.0,53.0,4.0,51.0,70.0,0.0,30.0,0.0,1453.0
8,MOVIMIENTO MIRA,LUZ MARINA TORRES BENITEZ,61.0,9.0,8.0,41.0,15.0,22.0,47.0,109.0,26.0,80.0,95.0,15.0,13.0,13.0,8.0,33.0,0.0,35.0,64.0,0.0,15.0,0.0,709.0
8,MOVIMIENTO MIRA,LUZ MIREYA CAMELO,77.0,29.0,77.0,736.0,91.0,52.0,179.0,265.0,77.0,224.0,272.0,44.0,42.0,29.0,56.0,126.0,29.0,192.0,216.0,0.0,30.0,0.0,2843.0
8,MOVIMIENTO MIRA,LUZ MYRIAM SIZA ALFONSO,47.0,10.0,13.0,21.0,26.0,8.0,33.0,71.0,39.0,218.0,73.0,25.0,14.0,8.0,19.0,24.0,7.0,32.0,44.0,1.0,4.0,0.0,737.0
8,MOVIMIENTO MIRA,MARIA AMPARO VALDES CASTRO,81.0,27.0,16.0,70.0,81.0,65.0,129.0,179.0,154.0,178.0,154.0,38.0,33.0,25.0,31.0,36.0,11.0,63.0,135.0,2.0,23.0,0.0,1531.0
8,MOVIMIENTO MIRA,MARIA LIDA ARIAS RODRIGUEZ,48.0,18.0,10.0,118.0,36.0,31.0,99.0,146.0,117.0,176.0,151.0,34.0,33.0,19.0,32.0,62.0,1.0,60.0,82.0,0.0,28.0,0.0,1301.0
8,MOVIMIENTO MIRA,MARTHA CECILIA DIAZ CRUZ,54.0,16.0,16.0,85.0,50.0,57.0,137.0,224.0,132.0,333.0,229.0,58.0,29.0,30.0,38.0,64.0,12.0,89.0,103.0,0.0,39.0,0.0,1795.0
8,MOVIMIENTO MIRA,MAXIMINO LEAL,70.0,12.0,9.0,78.0,37.0,19.0,79.0,386.0,27.0,93.0,175.0,18.0,10.0,14.0,15.0,43.0,7.0,50.0,130.0,0.0,12.0,0.0,1284.0
8,MOVIMIENTO MIRA,OLGA VICTORIA RUBIO CORTES,362.0,88.0,86.0,153.0,272.0,188.0,257.0,1144.0,248.0,660.0,1105.0,151.0,149.0,196.0,441.0,1103.0,40.0,331.0,303.0,5.0,79.0,1.0,7362.0
8,MOVIMIENTO MIRA,RETIRADO (A),50.0,7.0,9.0,33.0,15.0,15.0,40.0,79.0,39.0,143.0,68.0,20.0,14.0,7.0,9.0,26.0,4.0,28.0,38.0,0.0,16.0,0.0,660.0
8,MOVIMIENTO MIRA,RODOLFO CADENA SARMIENTO,72.0,23.0,23.0,86.0,104.0,54.0,117.0,200.0,73.0,221.0,185.0,39.0,82.0,18.0,26.0,71.0,7.0,101.0,91.0,0.0,35.0,1.0,1629.0
8,MOVIMIENTO MIRA,SANTOS ROMERO,22.0,20.0,1.0,32.0,17.0,17.0,36.0,76.0,29.0,108.0,84.0,97.0,14.0,5.0,11.0,23.0,7.0,29.0,52.0,0.0,13.0,0.0,693.0
8,MOVIMIENTO MIRA,WILSON EMILIO PINTO JIMENEZ,38.0,13.0,22.0,36.0,37.0,19.0,43.0,90.0,29.0,75.0,96.0,5.0,15.0,10.0,13.0,64.0,6.0,53.0,54.0,0.0,18.0,0.0,736.0
9,PARTIDO DE LA U,ANA CECILIA MENDIETA REGALADO,106.0,8.0,9.0,27.0,25.0,7.0,28.0,45.0,18.0,47.0,46.0,18.0,11.0,6.0,10.0,15.0,1.0,24.0,40.0,0.0,11.0,0.0,502.0
9,PARTIDO DE LA U,ANDRES JIMENEZ LEGUIZAMON,601.0,149.0,50.0,439.0,273.0,355.0,480.0,1188.0,221.0,899.0,891.0,337.0,144.0,64.0,85.0,239.0,47.0,243.0,540.0,1.0,117.0,2.0,7365.0
9,PARTIDO DE LA U,ANGEL MANUEL GIL RUIZ,55.0,24.0,11.0,93.0,49.0,45.0,87.0,220.0,56.0,129.0,90.0,27.0,20.0,26.0,28.0,75.0,16.0,69.0,140.0,0.0,55.0,1.0,1316.0
9,PARTIDO DE LA U,ANGELICA MARIA PEREIRA MUÑOZ,29.0,4.0,12.0,34.0,22.0,16.0,34.0,45.0,24.0,43.0,49.0,12.0,4.0,6.0,8.0,16.0,4.0,19.0,40.0,0.0,15.0,0.0,436.0
9,PARTIDO DE LA U,CARLOS ALBERTO PARRA MONDRAGON,34.0,7.0,12.0,25.0,16.0,16.0,21.0,99.0,21.0,62.0,87.0,17.0,9.0,7.0,18.0,17.0,3.0,21.0,55.0,0.0,21.0,0.0,568.0
9,PARTIDO DE LA U,CARLOS ALBERTO RAMIREZ ROJAS,33.0,5.0,12.0,46.0,28.0,39.0,40.0,103.0,36.0,81.0,72.0,12.0,11.0,12.0,22.0,39.0,4.0,44.0,61.0,0.0,26.0,1.0,727.0
9,PARTIDO DE LA U,CARLOS ARTURO TORRES ORJUELA,31.0,10.0,9.0,35.0,28.0,19.0,34.0,79.0,16.0,80.0,48.0,15.0,14.0,7.0,14.0,22.0,4.0,41.0,58.0,0.0,22.0,0.0,586.0
9,PARTIDO DE LA U,CESAR HERNANDO CASTRILLON TRIANA,136.0,24.0,31.0,107.0,108.0,92.0,180.0,322.0,122.0,313.0,270.0,66.0,62.0,23.0,47.0,140.0,17.0,140.0,183.0,0.0,74.0,0.0,2457.0
9,PARTIDO DE LA U,DANIA ESTRELLITA CRUZ FORERO,21.0,3.0,6.0,39.0,32.0,20.0,54.0,64.0,30.0,67.0,74.0,16.0,15.0,15.0,27.0,24.0,6.0,28.0,48.0,0.0,15.0,0.0,604.0
9,PARTIDO DE LA U,DAVID BALLEN HERNANDEZ,531.0,314.0,76.0,589.0,706.0,816.0,933.0,1392.0,249.0,1010.0,801.0,141.0,248.0,94.0,118.0,877.0,137.0,761.0,3995.0,1.0,156.0,0.0,13945.0
9,PARTIDO DE LA U,EDWARD ALEXANDER BERMUDEZ MARTINEZ,106.0,29.0,27.0,138.0,113.0,62.0,192.0,328.0,67.0,179.0,214.0,55.0,50.0,45.0,48.0,86.0,17.0,134.0,190.0,0.0,52.0,0.0,2132.0
9,PARTIDO DE LA U,ESMERALDA ELIZABETH GONZALEZ CORREDOR,102.0,39.0,19.0,135.0,68.0,69.0,133.0,263.0,82.0,214.0,207.0,69.0,54.0,32.0,48.0,76.0,10.0,109.0,153.0,0.0,52.0,0.0,1934.0
9,PARTIDO DE LA U,FERMIN CRISTANCHO SUAREZ,85.0,36.0,23.0,85.0,92.0,90.0,123.0,190.0,62.0,164.0,168.0,42.0,27.0,20.0,31.0,75.0,17.0,124.0,139.0,0.0,57.0,0.0,1650.0
9,PARTIDO DE LA U,FERNANDO BALLESTEROS VALENCIA,12.0,5.0,8.0,21.0,15.0,15.0,22.0,41.0,11.0,30.0,46.0,22.0,7.0,3.0,13.0,23.0,11.0,19.0,24.0,0.0,14.0,0.0,362.0
9,PARTIDO DE LA U,FLOR MARINA CASTAÑEDA FULA,26.0,9.0,4.0,23.0,43.0,11.0,36.0,65.0,23.0,46.0,57.0,9.0,11.0,8.0,15.0,23.0,2.0,33.0,40.0,0.0,9.0,0.0,493.0
9,PARTIDO DE LA U,FREDY IOVANNY PARDO PINZON,449.0,101.0,93.0,229.0,186.0,197.0,472.0,1111.0,311.0,829.0,883.0,194.0,246.0,115.0,155.0,370.0,47.0,329.0,430.0,0.0,220.0,1.0,6968.0
9,PARTIDO DE LA U,FREDY MARTIN RIOS CORREA,131.0,58.0,65.0,64.0,39.0,36.0,114.0,200.0,96.0,244.0,200.0,59.0,74.0,24.0,31.0,73.0,81.0,62.0,75.0,1.0,31.0,0.0,1758.0
9,PARTIDO DE LA U,HECTOR ANIBAL QUINTERO CANO,41.0,22.0,14.0,39.0,28.0,14.0,52.0,106.0,24.0,65.0,74.0,21.0,9.0,9.0,9.0,25.0,2.0,35.0,66.0,0.0,14.0,0.0,669.0
9,PARTIDO DE LA U,HERIKA YANETH AGUIRRE PATIÑO,72.0,13.0,20.0,103.0,52.0,41.0,114.0,203.0,67.0,197.0,174.0,47.0,32.0,11.0,31.0,53.0,13.0,95.0,148.0,0.0,51.0,1.0,1538.0
9,PARTIDO DE LA U,HERNANDO CARDONA BEDOYA,51.0,17.0,9.0,44.0,37.0,31.0,65.0,162.0,40.0,132.0,109.0,30.0,46.0,13.0,17.0,47.0,15.0,51.0,78.0,0.0,25.0,0.0,1019.0
9,PARTIDO DE LA U,INGRID CATALINA GOMEZ OBANDO,16.0,2.0,3.0,61.0,20.0,14.0,30.0,46.0,18.0,63.0,36.0,12.0,9.0,5.0,6.0,25.0,3.0,20.0,15.0,0.0,13.0,0.0,417.0
9,PARTIDO DE LA U,IVAN ANDRES CASALLAS FORERO,33.0,11.0,12.0,72.0,19.0,9.0,30.0,75.0,15.0,64.0,43.0,15.0,21.0,10.0,21.0,30.0,1.0,37.0,78.0,0.0,17.0,0.0,613.0
9,PARTIDO DE LA U,JAIME ALEXANDER GARCIA RICO,19.0,8.0,6.0,46.0,27.0,19.0,34.0,64.0,18.0,54.0,62.0,9.0,9.0,12.0,22.0,22.0,3.0,36.0,50.0,0.0,8.0,0.0,528.0
9,PARTIDO DE LA U,JAVIER MANUEL PALACIO MEJIA,663.0,173.0,177.0,827.0,503.0,828.0,762.0,1444.0,856.0,1461.0,1478.0,861.0,295.0,124.0,292.0,460.0,73.0,894.0,1033.0,0.0,232.0,0.0,13436.0
9,PARTIDO DE LA U,JESUS EDUARDO GIL YAYA,481.0,202.0,229.0,230.0,493.0,286.0,452.0,5153.0,313.0,437.0,1378.0,156.0,185.0,218.0,151.0,455.0,44.0,322.0,1658.0,3.0,201.0,0.0,13047.0
9,PARTIDO DE LA U,JOHN EDISSON MOSQUERA BLANCO,46.0,8.0,5.0,27.0,23.0,76.0,28.0,108.0,26.0,74.0,78.0,26.0,7.0,13.0,12.0,32.0,6.0,28.0,55.0,0.0,16.0,0.0,694.0
9,PARTIDO DE LA U,JORGE AUGUSTO BARRERA OTALORA,92.0,25.0,16.0,87.0,45.0,43.0,51.0,129.0,59.0,167.0,171.0,147.0,38.0,20.0,28.0,53.0,9.0,71.0,91.0,0.0,47.0,0.0,1389.0
9,PARTIDO DE LA U,JOSE ANGEL ESPELETA GUERRERO,126.0,16.0,134.0,2519.0,129.0,78.0,175.0,488.0,120.0,462.0,285.0,49.0,52.0,44.0,206.0,105.0,40.0,268.0,180.0,1.0,84.0,0.0,5561.0
9,PARTIDO DE LA U,JUAN CARLOS MEJIA CABEZA,648.0,153.0,61.0,160.0,121.0,142.0,498.0,1033.0,857.0,969.0,924.0,331.0,310.0,188.0,187.0,432.0,35.0,217.0,327.0,0.0,117.0,4.0,7714.0
9,PARTIDO DE LA U,LIDA CONSTANZA DUCUARA CAPERA,59.0,18.0,29.0,77.0,64.0,41.0,170.0,214.0,60.0,110.0,134.0,32.0,33.0,21.0,22.0,80.0,13.0,63.0,115.0,0.0,58.0,0.0,1413.0
9,PARTIDO DE LA U,LORENA SANCHEZ RAMOS,12.0,4.0,6.0,19.0,24.0,11.0,28.0,47.0,13.0,24.0,21.0,5.0,11.0,4.0,2.0,15.0,5.0,19.0,23.0,0.0,10.0,0.0,303.0
9,PARTIDO DE LA U,LUIS EDUARDO GONZALEZ RAMIREZ,82.0,25.0,24.0,101.0,89.0,50.0,120.0,211.0,84.0,172.0,218.0,44.0,29.0,28.0,45.0,54.0,13.0,108.0,153.0,0.0,38.0,1.0,1689.0
9,PARTIDO DE LA U,LUZ MARGOTH ROJAS ABAUNZA,25.0,7.0,6.0,21.0,20.0,19.0,26.0,40.0,18.0,46.0,50.0,14.0,8.0,14.0,21.0,11.0,5.0,20.0,45.0,0.0,5.0,0.0,421.0
9,PARTIDO DE LA U,MARIA ALEJANDRA ARCOS BERMUDEZ,66.0,10.0,4.0,48.0,14.0,10.0,10.0,53.0,12.0,39.0,42.0,7.0,8.0,4.0,6.0,18.0,3.0,30.0,33.0,0.0,9.0,0.0,426.0
9,PARTIDO DE LA U,MARTIN ARIEL CASTAÑEDA MARTINEZ,36.0,11.0,13.0,49.0,34.0,24.0,51.0,93.0,26.0,75.0,133.0,25.0,11.0,6.0,18.0,26.0,5.0,40.0,63.0,0.0,22.0,0.0,761.0
9,PARTIDO DE LA U,NELLY PATRICIA MOSQUERA MURCIA,1246.0,272.0,267.0,1893.0,1724.0,640.0,1653.0,2496.0,1075.0,2046.0,1725.0,463.0,413.0,306.0,1192.0,589.0,205.0,1267.0,1429.0,3.0,285.0,9.0,21198.0
9,PARTIDO DE LA U,PEDRO ANTONIO ROJAS HERRERA,414.0,88.0,216.0,302.0,1387.0,452.0,595.0,1137.0,791.0,798.0,771.0,162.0,303.0,468.0,343.0,319.0,166.0,386.0,1056.0,0.0,130.0,0.0,10284.0
9,PARTIDO DE LA U,PEDRO NEL DIAZ DIAZ,52.0,11.0,12.0,168.0,32.0,27.0,68.0,124.0,38.0,86.0,93.0,46.0,10.0,9.0,31.0,51.0,4.0,84.0,58.0,0.0,24.0,0.0,1028.0
9,PARTIDO DE LA U,RICARDO ANDRES CORREA MOJICA,877.0,216.0,369.0,731.0,665.0,451.0,1054.0,2315.0,531.0,1499.0,1386.0,916.0,643.0,567.0,425.0,1036.0,90.0,997.0,1140.0,0.0,311.0,8.0,16227.0
9,PARTIDO DE LA U,RUBEN DARIO TORRADO PACHECO,716.0,222.0,179.0,928.0,211.0,141.0,892.0,1557.0,355.0,2332.0,1273.0,202.0,410.0,637.0,213.0,2377.0,51.0,1131.0,1032.0,0.0,158.0,4.0,15021.0
9,PARTIDO DE LA U,SANDRA JARAMILLO GONZALEZ,264.0,106.0,51.0,241.0,234.0,177.0,560.0,448.0,148.0,620.0,703.0,119.0,185.0,73.0,64.0,181.0,27.0,256.0,297.0,0.0,100.0,0.0,4854.0
9,PARTIDO DE LA U,SILVERIO GOMEZ CARMONA,663.0,277.0,66.0,240.0,172.0,151.0,313.0,617.0,273.0,529.0,874.0,217.0,231.0,87.0,128.0,208.0,47.0,206.0,320.0,0.0,105.0,2.0,5726.0
9,PARTIDO DE LA U,VICKY ALEJANDRA LEGUIZAMON GUEVARA,40.0,6.0,8.0,27.0,27.0,16.0,36.0,91.0,17.0,76.0,82.0,22.0,8.0,6.0,13.0,27.0,4.0,38.0,38.0,0.0,10.0,0.0,592.0
9,PARTIDO DE LA U,WILLIAM MAYA JIMENEZ,163.0,46.0,31.0,85.0,55.0,63.0,134.0,249.0,93.0,222.0,354.0,83.0,72.0,38.0,30.0,62.0,11.0,80.0,132.0,0.0,57.0,1.0,2061.0
9,PARTIDO DE LA U,WILSON RODRIGUEZ RIOS,101.0,29.0,18.0,91.0,69.0,42.0,94.0,182.0,49.0,177.0,186.0,43.0,41.0,26.0,28.0,78.0,12.0,105.0,121.0,0.0,35.0,0.0,1527.0
10,PARTIDO POLO DEMOCRÁTICO ALTERNATIVO,ALEJANDRO RIVERA CAMERO,151.0,83.0,72.0,185.0,312.0,111.0,262.0,458.0,188.0,1079.0,667.0,109.0,147.0,64.0,93.0,193.0,54.0,190.0,576.0,9.0,122.0,4.0,5129.0
10,PARTIDO POLO DEMOCRÁTICO ALTERNATIVO,ALVARO JOSE ARGOTE MUÑOZ,320.0,82.0,136.0,1290.0,387.0,238.0,746.0,1375.0,1078.0,673.0,979.0,122.0,228.0,424.0,228.0,279.0,70.0,365.0,815.0,3.0,114.0,2.0,9954.0
10,PARTIDO POLO DEMOCRÁTICO ALTERNATIVO,ANA VALENTINA GOMEZ OLIVERO,23.0,9.0,9.0,16.0,17.0,22.0,54.0,54.0,19.0,37.0,44.0,11.0,4.0,5.0,11.0,18.0,4.0,23.0,28.0,0.0,9.0,0.0,417.0
10,PARTIDO POLO DEMOCRÁTICO ALTERNATIVO,ANGELA MARIA DEL ROSARIO ESCOBAR DE GUTIERREZ,20.0,4.0,14.0,27.0,27.0,16.0,56.0,87.0,23.0,47.0,62.0,18.0,5.0,11.0,16.0,20.0,8.0,59.0,68.0,0.0,16.0,0.0,604.0
10,PARTIDO POLO DEMOCRÁTICO ALTERNATIVO,ANGELICA MARIA SARMIENTO MORA,118.0,38.0,73.0,183.0,119.0,94.0,254.0,381.0,117.0,298.0,304.0,61.0,61.0,46.0,62.0,142.0,19.0,176.0,251.0,1.0,75.0,3.0,2876.0
10,PARTIDO POLO DEMOCRÁTICO ALTERNATIVO,ARMANDO ARTURO ALVARADO GUILLEN,12.0,4.0,7.0,29.0,27.0,12.0,44.0,112.0,16.0,39.0,36.0,11.0,7.0,12.0,7.0,17.0,1.0,24.0,44.0,0.0,15.0,0.0,476.0
10,PARTIDO POLO DEMOCRÁTICO ALTERNATIVO,BIENVENIDO RUIZ MURILLO,35.0,5.0,23.0,38.0,25.0,23.0,46.0,75.0,19.0,55.0,74.0,16.0,12.0,21.0,23.0,58.0,10.0,63.0,59.0,0.0,13.0,0.0,693.0
10,PARTIDO POLO DEMOCRÁTICO ALTERNATIVO,BLANCA DILIA MORENO TORO,106.0,36.0,64.0,212.0,136.0,124.0,267.0,433.0,104.0,306.0,277.0,55.0,59.0,71.0,69.0,378.0,40.0,163.0,318.0,2.0,68.0,0.0,3288.0
10,PARTIDO POLO DEMOCRÁTICO ALTERNATIVO,CARLOS ALBERTO CARREÑO CARVAJAL,83.0,30.0,696.0,141.0,50.0,70.0,99.0,228.0,67.0,202.0,176.0,39.0,47.0,58.0,47.0,83.0,90.0,114.0,133.0,0.0,41.0,0.0,2494.0
10,PARTIDO POLO DEMOCRÁTICO ALTERNATIVO,CELIO NIEVES HERRERA,1078.0,399.0,615.0,959.0,368.0,828.0,1125.0,2726.0,1066.0,2372.0,2186.0,592.0,987.0,332.0,614.0,1025.0,200.0,932.0,915.0,8.0,330.0,4.0,19661.0
10,PARTIDO POLO DEMOCRÁTICO ALTERNATIVO,DENIS ENRIQUETA CASADO ACOSTA,26.0,17.0,28.0,62.0,33.0,21.0,65.0,131.0,23.0,68.0,84.0,29.0,13.0,10.0,14.0,35.0,8.0,47.0,79.0,0.0,12.0,0.0,805.0
10,PARTIDO POLO DEMOCRÁTICO ALTERNATIVO,DONKA ATANASSOVA IAKIMOVA,389.0,163.0,137.0,245.0,274.0,110.0,294.0,590.0,146.0,359.0,530.0,148.0,385.0,83.0,78.0,179.0,93.0,417.0,546.0,0.0,168.0,0.0,5334.0
10,PARTIDO POLO DEMOCRÁTICO ALTERNATIVO,EDUARDO TORRES CORREDOR,91.0,28.0,47.0,102.0,74.0,66.0,139.0,227.0,72.0,180.0,150.0,34.0,62.0,28.0,35.0,95.0,25.0,84.0,176.0,0.0,27.0,1.0,1743.0
10,PARTIDO POLO DEMOCRÁTICO ALTERNATIVO,FABIO ALEJANDRO ROJAS RESTREPO,29.0,13.0,18.0,73.0,44.0,28.0,73.0,90.0,26.0,55.0,114.0,18.0,15.0,15.0,13.0,33.0,4.0,58.0,72.0,5.0,21.0,0.0,817.0
10,PARTIDO POLO DEMOCRÁTICO ALTERNATIVO,FRANKLIN MIGUEL TRIVIÑO ALVAREZ,171.0,80.0,58.0,141.0,177.0,101.0,142.0,416.0,85.0,226.0,298.0,48.0,92.0,37.0,45.0,136.0,37.0,115.0,159.0,1.0,47.0,0.0,2612.0
10,PARTIDO POLO DEMOCRÁTICO ALTERNATIVO,FREDDY CONTRERAS OSPINA,59.0,13.0,34.0,72.0,52.0,37.0,125.0,133.0,47.0,104.0,117.0,32.0,13.0,16.0,25.0,49.0,15.0,64.0,112.0,1.0,30.0,0.0,1150.0
10,PARTIDO POLO DEMOCRÁTICO ALTERNATIVO,GILBERTO BARRERA GARCIA,41.0,20.0,21.0,32.0,38.0,13.0,57.0,109.0,31.0,94.0,86.0,21.0,17.0,14.0,22.0,38.0,9.0,42.0,75.0,0.0,14.0,0.0,794.0
10,PARTIDO POLO DEMOCRÁTICO ALTERNATIVO,GILMA GIOVANNY GOMEZ OLIVEROS,250.0,123.0,132.0,224.0,122.0,161.0,473.0,659.0,218.0,418.0,653.0,151.0,322.0,113.0,106.0,488.0,102.0,161.0,510.0,2.0,129.0,1.0,5518.0
10,PARTIDO POLO DEMOCRÁTICO ALTERNATIVO,GLADYS JOSEFA SOLER MEDINA,49.0,15.0,24.0,90.0,67.0,47.0,137.0,147.0,60.0,121.0,131.0,30.0,31.0,9.0,25.0,47.0,16.0,67.0,86.0,0.0,32.0,0.0,1231.0
10,PARTIDO POLO DEMOCRÁTICO ALTERNATIVO,HERMAN MARTINEZ GOMEZ,155.0,86.0,71.0,200.0,141.0,119.0,266.0,392.0,147.0,329.0,300.0,57.0,123.0,38.0,70.0,149.0,36.0,181.0,315.0,1.0,89.0,1.0,3266.0
10,PARTIDO POLO DEMOCRÁTICO ALTERNATIVO,HERMAN REDONDO GOMEZ,467.0,113.0,132.0,235.0,300.0,215.0,369.0,1109.0,306.0,1046.0,1371.0,179.0,364.0,94.0,107.0,622.0,674.0,360.0,454.0,1.0,154.0,1.0,8673.0
10,PARTIDO POLO DEMOCRÁTICO ALTERNATIVO,JAIRO ALBERTO BARROS ACOSTA,512.0,157.0,133.0,352.0,216.0,175.0,428.0,1110.0,255.0,813.0,798.0,262.0,200.0,124.0,141.0,335.0,74.0,283.0,579.0,0.0,137.0,0.0,7084.0
10,PARTIDO POLO DEMOCRÁTICO ALTERNATIVO,JAVIER ORLANDO SUAREZ ALONSO,377.0,160.0,149.0,400.0,280.0,383.0,450.0,1262.0,645.0,1133.0,1137.0,223.0,577.0,106.0,133.0,397.0,78.0,394.0,516.0,1.0,210.0,1.0,9012.0
10,PARTIDO POLO DEMOCRÁTICO ALTERNATIVO,JESUS HUMBERTO GAITAN RONDON,101.0,31.0,85.0,335.0,150.0,205.0,255.0,570.0,161.0,416.0,325.0,95.0,70.0,79.0,144.0,159.0,38.0,677.0,1000.0,0.0,80.0,1.0,4977.0
10,PARTIDO POLO DEMOCRÁTICO ALTERNATIVO,JORGE EDILSON CARO CANCELADO,202.0,89.0,87.0,236.0,258.0,167.0,297.0,484.0,203.0,628.0,541.0,137.0,178.0,77.0,72.0,197.0,39.0,241.0,317.0,0.0,120.0,2.0,4572.0
10,PARTIDO POLO DEMOCRÁTICO ALTERNATIVO,JOSE LEBER PERDOMO OSUNA,59.0,15.0,44.0,83.0,48.0,37.0,111.0,392.0,57.0,238.0,146.0,37.0,40.0,17.0,71.0,55.0,25.0,82.0,130.0,0.0,34.0,0.0,1721.0
10,PARTIDO POLO DEMOCRÁTICO ALTERNATIVO,JUAN CARLOS RODRIGUEZ NIÑO,48.0,20.0,183.0,61.0,46.0,25.0,80.0,118.0,44.0,83.0,98.0,20.0,27.0,16.0,18.0,39.0,22.0,56.0,87.0,1.0,23.0,0.0,1115.0
10,PARTIDO POLO DEMOCRÁTICO ALTERNATIVO,LINA JASIBE SARMIENTO GUTIERREZ,39.0,7.0,27.0,69.0,38.0,31.0,75.0,92.0,33.0,78.0,88.0,14.0,20.0,15.0,12.0,33.0,11.0,42.0,82.0,1.0,16.0,0.0,823.0
10,PARTIDO POLO DEMOCRÁTICO ALTERNATIVO,LUIS ALBERTO GARZON,302.0,77.0,109.0,300.0,160.0,219.0,391.0,918.0,271.0,802.0,701.0,163.0,211.0,107.0,197.0,318.0,71.0,310.0,331.0,2.0,108.0,2.0,6070.0
10,PARTIDO POLO DEMOCRÁTICO ALTERNATIVO,LUIS ALBERTO ROMERO OCAMPO,28.0,3.0,13.0,45.0,17.0,26.0,70.0,126.0,23.0,69.0,75.0,17.0,17.0,13.0,16.0,38.0,9.0,44.0,46.0,2.0,10.0,0.0,707.0
10,PARTIDO POLO DEMOCRÁTICO ALTERNATIVO,LUZ MARINA LEURO VILLAMARIN,25.0,12.0,12.0,30.0,28.0,17.0,44.0,69.0,28.0,53.0,54.0,9.0,10.0,6.0,10.0,25.0,7.0,29.0,37.0,0.0,11.0,0.0,516.0
10,PARTIDO POLO DEMOCRÁTICO ALTERNATIVO,MANUEL JOSE SARMIENTO ARGUELLO,1070.0,475.0,457.0,598.0,386.0,354.0,606.0,1573.0,858.0,1741.0,1601.0,423.0,880.0,226.0,297.0,694.0,206.0,459.0,707.0,2.0,273.0,5.0,13891.0
10,PARTIDO POLO DEMOCRÁTICO ALTERNATIVO,MARYLANYI ANA DELIA SULBARAN CASTILLO,70.0,16.0,36.0,82.0,52.0,42.0,159.0,181.0,51.0,138.0,135.0,29.0,33.0,26.0,38.0,62.0,17.0,69.0,122.0,0.0,34.0,0.0,1392.0
10,PARTIDO POLO DEMOCRÁTICO ALTERNATIVO,MOISES GUARIN POVEDA,31.0,7.0,33.0,136.0,85.0,43.0,87.0,163.0,24.0,97.0,74.0,25.0,28.0,23.0,86.0,136.0,15.0,815.0,211.0,0.0,31.0,1.0,2151.0
10,PARTIDO POLO DEMOCRÁTICO ALTERNATIVO,NELSON CASTRO RODRIGUEZ,265.0,127.0,473.0,655.0,356.0,358.0,862.0,1414.0,394.0,1038.0,952.0,296.0,277.0,152.0,150.0,399.0,81.0,475.0,942.0,4.0,259.0,1.0,9930.0
10,PARTIDO POLO DEMOCRÁTICO ALTERNATIVO,NELSON GILBERTO VELASCO RUGE,130.0,97.0,116.0,495.0,2589.0,180.0,387.0,553.0,154.0,371.0,367.0,84.0,107.0,80.0,75.0,120.0,51.0,343.0,702.0,0.0,105.0,1.0,7107.0
10,PARTIDO POLO DEMOCRÁTICO ALTERNATIVO,NOHORA MARLIS RONCANCIO CASTAÑEDA,35.0,17.0,34.0,78.0,57.0,78.0,107.0,172.0,39.0,124.0,124.0,29.0,32.0,15.0,36.0,49.0,7.0,71.0,524.0,0.0,39.0,0.0,1667.0
10,PARTIDO POLO DEMOCRÁTICO ALTERNATIVO,ORSINIA PATRICIA POLANCO JUSAYU,81.0,25.0,40.0,110.0,76.0,65.0,126.0,233.0,62.0,177.0,195.0,34.0,43.0,29.0,39.0,75.0,26.0,98.0,143.0,0.0,50.0,2.0,1729.0
10,PARTIDO POLO DEMOCRÁTICO ALTERNATIVO,OSCAR ANDRES SEONERAY,60.0,23.0,54.0,87.0,87.0,46.0,137.0,163.0,52.0,135.0,178.0,31.0,36.0,21.0,32.0,43.0,46.0,72.0,120.0,2.0,33.0,0.0,1458.0
10,PARTIDO POLO DEMOCRÁTICO ALTERNATIVO,OSCAR ORLANDO MANRIQUE DIAZ,51.0,35.0,25.0,106.0,102.0,44.0,108.0,120.0,46.0,123.0,137.0,38.0,44.0,17.0,23.0,42.0,21.0,63.0,138.0,0.0,40.0,0.0,1323.0
10,PARTIDO POLO DEMOCRÁTICO ALTERNATIVO,PEDRO ESQUIVEL AREVALO,67.0,24.0,29.0,90.0,54.0,52.0,101.0,152.0,44.0,227.0,153.0,44.0,32.0,18.0,25.0,61.0,12.0,71.0,127.0,0.0,35.0,0.0,1418.0
10,PARTIDO POLO DEMOCRÁTICO ALTERNATIVO,RIGOBERTO NIÑO CORREDOR,90.0,36.0,60.0,171.0,49.0,158.0,108.0,244.0,67.0,212.0,210.0,79.0,107.0,77.0,62.0,118.0,38.0,153.0,233.0,0.0,53.0,0.0,2325.0
10,PARTIDO POLO DEMOCRÁTICO ALTERNATIVO,SENDER PAUL TORRES ROMERO,108.0,33.0,64.0,135.0,101.0,70.0,149.0,269.0,101.0,221.0,221.0,65.0,51.0,29.0,52.0,87.0,28.0,112.0,198.0,1.0,60.0,0.0,2155.0
10,PARTIDO POLO DEMOCRÁTICO ALTERNATIVO,VENUS ALBEIRO SILVA GOMEZ,245.0,75.0,153.0,337.0,212.0,214.0,5827.0,1120.0,223.0,649.0,546.0,122.0,140.0,89.0,177.0,370.0,71.0,390.0,475.0,1.0,214.0,3.0,11653.0
10,PARTIDO POLO DEMOCRÁTICO ALTERNATIVO,XINIA ROCIO NAVARRO PRADA,335.0,272.0,495.0,513.0,394.0,409.0,558.0,1162.0,246.0,588.0,696.0,214.0,383.0,269.0,223.0,590.0,771.0,344.0,455.0,107.0,169.0,0.0,9193.0
13,"MOVIMIENTO ALTERNATIVO INDÍGENA Y SOCIAL ""MAIS""",ARLEN DE JESUS MARENCO PINTO,14.0,16.0,3.0,9.0,9.0,9.0,24.0,54.0,17.0,43.0,23.0,21.0,34.0,8.0,6.0,64.0,4.0,11.0,22.0,0.0,22.0,0.0,413.0
13,"MOVIMIENTO ALTERNATIVO INDÍGENA Y SOCIAL ""MAIS""",BONIFACIO CHICUNQUE JUAJIBIOY,26.0,6.0,15.0,35.0,78.0,13.0,39.0,71.0,13.0,47.0,66.0,7.0,14.0,12.0,5.0,36.0,23.0,35.0,61.0,2.0,17.0,0.0,621.0
13,"MOVIMIENTO ALTERNATIVO INDÍGENA Y SOCIAL ""MAIS""",EDGAR GUSTAVO MORENO FLOREZ,48.0,16.0,30.0,40.0,15.0,6.0,27.0,64.0,21.0,51.0,92.0,20.0,10.0,5.0,6.0,46.0,3.0,21.0,49.0,0.0,9.0,0.0,579.0
13,"MOVIMIENTO ALTERNATIVO INDÍGENA Y SOCIAL ""MAIS""",FRANCISCO BASILIO ARTEAGA BENAVIDES,12.0,9.0,13.0,29.0,21.0,7.0,29.0,44.0,9.0,48.0,37.0,3.0,5.0,1.0,2.0,12.0,13.0,13.0,36.0,0.0,5.0,0.0,348.0
13,"MOVIMIENTO ALTERNATIVO INDÍGENA Y SOCIAL ""MAIS""",GEORGINA DE JESUS ARGUMEDO OTERO,5.0,0.0,2.0,1.0,4.0,2.0,8.0,21.0,4.0,17.0,12.0,1.0,4.0,0.0,2.0,4.0,3.0,4.0,11.0,0.0,3.0,0.0,108.0
13,"MOVIMIENTO ALTERNATIVO INDÍGENA Y SOCIAL ""MAIS""",JAIRO FERNANDEZ ALARCON,22.0,0.0,5.0,7.0,15.0,7.0,30.0,31.0,7.0,17.0,25.0,7.0,8.0,4.0,4.0,11.0,4.0,19.0,20.0,0.0,9.0,0.0,252.0
13,"MOVIMIENTO ALTERNATIVO INDÍGENA Y SOCIAL ""MAIS""",JOSE NOE FORERO SUAREZ,18.0,9.0,10.0,15.0,8.0,9.0,19.0,49.0,14.0,34.0,46.0,22.0,13.0,3.0,5.0,18.0,10.0,8.0,17.0,0.0,6.0,0.0,333.0
13,"MOVIMIENTO ALTERNATIVO INDÍGENA Y SOCIAL ""MAIS""",JOSE ORLANDO SALGADO MORENO,24.0,22.0,15.0,55.0,41.0,17.0,52.0,96.0,38.0,80.0,128.0,36.0,33.0,24.0,18.0,29.0,17.0,38.0,61.0,0.0,11.0,2.0,837.0
13,"MOVIMIENTO ALTERNATIVO INDÍGENA Y SOCIAL ""MAIS""",JOSE RAUL PULIDO HERNANDEZ,18.0,7.0,6.0,124.0,33.0,7.0,37.0,44.0,32.0,61.0,62.0,7.0,8.0,8.0,14.0,26.0,3.0,31.0,30.0,0.0,18.0,0.0,576.0
13,"MOVIMIENTO ALTERNATIVO INDÍGENA Y SOCIAL ""MAIS""",LUIS ALBERTO MORALES MORENO,14.0,5.0,5.0,10.0,13.0,6.0,19.0,66.0,10.0,31.0,29.0,11.0,13.0,7.0,5.0,9.0,2.0,10.0,19.0,0.0,8.0,0.0,292.0
13,"MOVIMIENTO ALTERNATIVO INDÍGENA Y SOCIAL ""MAIS""",LUIS MARIO MONTERO BOTELLO,34.0,10.0,8.0,48.0,49.0,20.0,36.0,99.0,43.0,98.0,93.0,21.0,23.0,19.0,15.0,40.0,9.0,24.0,51.0,0.0,18.0,0.0,758.0
13,"MOVIMIENTO ALTERNATIVO INDÍGENA Y SOCIAL ""MAIS""",LUISA FERNANDA OSMA ROBAYO,14.0,6.0,7.0,19.0,34.0,7.0,21.0,39.0,17.0,34.0,44.0,3.0,11.0,4.0,2.0,14.0,11.0,22.0,26.0,0.0,2.0,0.0,337.0
13,"MOVIMIENTO ALTERNATIVO INDÍGENA Y SOCIAL ""MAIS""",MARIA CRISTINA BERMUDEZ VELEZ,12.0,3.0,4.0,11.0,6.0,4.0,11.0,19.0,5.0,23.0,13.0,6.0,10.0,0.0,1.0,5.0,2.0,16.0,33.0,0.0,5.0,0.0,189.0
13,"MOVIMIENTO ALTERNATIVO INDÍGENA Y SOCIAL ""MAIS""",MARIA ELENA FERIA MONTEALEGRE,30.0,14.0,9.0,26.0,21.0,10.0,64.0,63.0,19.0,85.0,64.0,14.0,20.0,8.0,5.0,16.0,9.0,29.0,48.0,0.0,12.0,0.0,566.0
13,"MOVIMIENTO ALTERNATIVO INDÍGENA Y SOCIAL ""MAIS""",MARIO RAMOS PALENCIA,13.0,11.0,17.0,17.0,9.0,4.0,12.0,31.0,9.0,19.0,16.0,3.0,4.0,5.0,7.0,6.0,0.0,11.0,16.0,0.0,5.0,0.0,215.0
13,"MOVIMIENTO ALTERNATIVO INDÍGENA Y SOCIAL ""MAIS""",MARTHA ELIZABETH MUNAR RODRIGUEZ,21.0,4.0,5.0,20.0,13.0,10.0,22.0,27.0,9.0,25.0,53.0,22.0,5.0,0.0,1.0,8.0,7.0,12.0,27.0,0.0,8.0,0.0,299.0
13,"MOVIMIENTO ALTERNATIVO INDÍGENA Y SOCIAL ""MAIS""",MEDARDO ISIDRO GUALTEROS GALVIS,17.0,2.0,6.0,16.0,14.0,6.0,22.0,41.0,16.0,42.0,32.0,7.0,6.0,2.0,2.0,8.0,2.0,15.0,21.0,0.0,6.0,0.0,283.0
13,"MOVIMIENTO ALTERNATIVO INDÍGENA Y SOCIAL ""MAIS""",MYRIAM PINILLA DE CHARRIS,4.0,2.0,4.0,5.0,2.0,2.0,9.0,19.0,7.0,9.0,24.0,6.0,3.0,1.0,1.0,6.0,3.0,3.0,12.0,0.0,6.0,0.0,128.0
13,"MOVIMIENTO ALTERNATIVO INDÍGENA Y SOCIAL ""MAIS""",OSCAR WILLIAM FLOREZ ORTEGA,124.0,55.0,55.0,81.0,66.0,43.0,230.0,208.0,78.0,184.0,176.0,52.0,65.0,31.0,28.0,64.0,42.0,49.0,122.0,0.0,39.0,0.0,1792.0
13,"MOVIMIENTO ALTERNATIVO INDÍGENA Y SOCIAL ""MAIS""",PEDRO GUZMAN CASTAÑEDA SANCHEZ,22.0,6.0,18.0,23.0,52.0,11.0,86.0,63.0,14.0,53.0,71.0,16.0,12.0,6.0,7.0,21.0,5.0,23.0,55.0,0.0,15.0,0.0,579.0
54,LIBRES,ADRIANA BUITRAGO PAEZ,47.0,8.0,9.0,33.0,19.0,13.0,37.0,68.0,39.0,89.0,77.0,50.0,24.0,10.0,13.0,51.0,2.0,23.0,40.0,1.0,14.0,0.0,667.0
54,LIBRES,ADRIANA CONSTANZA PRIETO RIOS,130.0,22.0,6.0,8.0,10.0,6.0,15.0,35.0,9.0,45.0,101.0,15.0,20.0,3.0,1.0,17.0,1.0,9.0,19.0,0.0,11.0,0.0,483.0
54,LIBRES,ALBEIRO CAMACHO MARTINEZ,150.0,43.0,195.0,169.0,56.0,85.0,137.0,478.0,212.0,253.0,231.0,89.0,159.0,979.0,127.0,1385.0,96.0,160.0,134.0,0.0,186.0,1.0,5325.0
54,LIBRES,ALBERTO LUIS URREGO ELJACH,23.0,6.0,1.0,12.0,7.0,12.0,10.0,48.0,16.0,29.0,52.0,16.0,11.0,7.0,10.0,16.0,0.0,7.0,17.0,0.0,3.0,0.0,303.0
54,LIBRES,ALEXANDER ROBLES SANCHEZ,7.0,10.0,3.0,7.0,8.0,2.0,16.0,46.0,13.0,30.0,64.0,8.0,6.0,4.0,1.0,13.0,3.0,7.0,6.0,0.0,14.0,0.0,268.0
54,LIBRES,ALFREDO LOPEZ HERNANDEZ,47.0,29.0,15.0,48.0,41.0,40.0,92.0,186.0,75.0,95.0,134.0,52.0,38.0,77.0,76.0,365.0,12.0,98.0,89.0,0.0,41.0,0.0,1650.0
54,LIBRES,AMIDO YESID AGUAZACO RAMIREZ,24.0,12.0,11.0,22.0,18.0,19.0,38.0,76.0,38.0,73.0,86.0,64.0,21.0,7.0,14.0,41.0,6.0,38.0,28.0,0.0,29.0,0.0,665.0
54,LIBRES,ANA ISABEL ROMAN ROMAN,6.0,3.0,2.0,4.0,2.0,1.0,2.0,21.0,5.0,32.0,31.0,25.0,4.0,1.0,3.0,14.0,2.0,5.0,8.0,0.0,6.0,0.0,177.0
54,LIBRES,CARMEN GRACIELA FLOREZ PEÑA,26.0,10.0,10.0,35.0,26.0,16.0,37.0,77.0,41.0,90.0,81.0,26.0,26.0,4.0,12.0,35.0,7.0,48.0,46.0,0.0,29.0,0.0,682.0
54,LIBRES,CRISTINA ELIZABETH VALERO ROZO,11.0,2.0,9.0,12.0,12.0,4.0,8.0,21.0,15.0,15.0,20.0,4.0,4.0,2.0,4.0,5.0,1.0,9.0,12.0,0.0,6.0,0.0,176.0
54,LIBRES,DALILA VELASQUEZ CASAS,31.0,8.0,5.0,24.0,17.0,20.0,32.0,112.0,36.0,55.0,88.0,35.0,11.0,7.0,6.0,34.0,11.0,33.0,40.0,0.0,13.0,0.0,618.0
54,LIBRES,DANIEL BALLEN GOMEZ,106.0,17.0,9.0,12.0,8.0,23.0,34.0,99.0,53.0,164.0,200.0,112.0,41.0,12.0,21.0,42.0,2.0,23.0,21.0,0.0,46.0,0.0,1045.0
54,LIBRES,EMEL ROJAS CASTILLO,709.0,145.0,93.0,193.0,223.0,304.0,472.0,1508.0,374.0,932.0,910.0,413.0,216.0,93.0,153.0,411.0,107.0,436.0,686.0,0.0,162.0,0.0,8540.0
54,LIBRES,FERNEY GUSTAVO PAEZ SILVA,281.0,63.0,55.0,456.0,766.0,127.0,631.0,899.0,699.0,642.0,1481.0,149.0,101.0,74.0,93.0,185.0,27.0,301.0,581.0,0.0,195.0,0.0,7806.0
54,LIBRES,GLORIA MONTERO DE ALDANA,5.0,1.0,2.0,5.0,6.0,2.0,6.0,11.0,8.0,7.0,13.0,7.0,2.0,4.0,1.0,3.0,0.0,2.0,7.0,0.0,8.0,0.0,100.0
54,LIBRES,GONZALO ANDRES VILLA HUERGO,23.0,16.0,21.0,19.0,13.0,5.0,20.0,96.0,26.0,37.0,41.0,11.0,18.0,2.0,14.0,43.0,2.0,31.0,21.0,0.0,13.0,0.0,472.0
54,LIBRES,JOSE LUIS PEDRAZA PINZON,76.0,20.0,14.0,60.0,41.0,27.0,69.0,105.0,232.0,135.0,148.0,39.0,23.0,45.0,24.0,72.0,7.0,28.0,52.0,0.0,37.0,0.0,1254.0
54,LIBRES,JOSE ORLANDO FIGUEROA OSPINA,16.0,9.0,15.0,32.0,8.0,13.0,28.0,51.0,24.0,35.0,31.0,9.0,8.0,11.0,17.0,25.0,4.0,23.0,24.0,0.0,16.0,0.0,399.0
54,LIBRES,JOSE RAFAEL RINCON GARCIA,12.0,5.0,3.0,10.0,12.0,6.0,14.0,35.0,21.0,38.0,41.0,15.0,11.0,4.0,4.0,17.0,7.0,13.0,25.0,0.0,11.0,0.0,304.0
54,LIBRES,JOSE VICENTE SANCHEZ SOSSA,53.0,13.0,8.0,56.0,27.0,28.0,58.0,115.0,59.0,106.0,97.0,32.0,16.0,9.0,19.0,53.0,8.0,40.0,59.0,0.0,38.0,0.0,894.0
54,LIBRES,JUAN DE DIOS ARIAS LOPEZ,321.0,67.0,43.0,203.0,430.0,161.0,588.0,1234.0,478.0,1062.0,838.0,543.0,159.0,76.0,126.0,391.0,27.0,292.0,498.0,0.0,155.0,3.0,7695.0
54,LIBRES,JUAN FELIPE VARON CRISTANCHO,12.0,3.0,4.0,5.0,3.0,6.0,18.0,25.0,18.0,16.0,22.0,8.0,0.0,5.0,5.0,17.0,1.0,5.0,17.0,0.0,9.0,0.0,199.0
54,LIBRES,JULIO CESAR CALDERON MARIN,5.0,3.0,4.0,12.0,81.0,5.0,10.0,13.0,9.0,18.0,23.0,8.0,7.0,6.0,2.0,12.0,1.0,8.0,18.0,0.0,4.0,0.0,249.0
54,LIBRES,JULY ANDREA GAITAN ALGECIRAS,12.0,2.0,4.0,7.0,7.0,8.0,10.0,26.0,14.0,22.0,24.0,14.0,4.0,1.0,1.0,13.0,3.0,9.0,14.0,0.0,2.0,0.0,197.0
54,LIBRES,LINA MARIA SALAS RAMIREZ,392.0,48.0,12.0,62.0,65.0,28.0,63.0,193.0,73.0,209.0,347.0,120.0,59.0,36.0,31.0,104.0,4.0,78.0,78.0,0.0,61.0,0.0,2063.0
54,LIBRES,LUIS ALFREDO ROBAYO GUIO,55.0,15.0,11.0,46.0,38.0,22.0,58.0,113.0,40.0,102.0,138.0,51.0,33.0,33.0,22.0,52.0,6.0,53.0,59.0,0.0,35.0,0.0,982.0
54,LIBRES,LUIS ANDRES MONTAÑO OSORIO,19.0,17.0,18.0,17.0,17.0,10.0,24.0,63.0,37.0,66.0,48.0,19.0,18.0,26.0,5.0,52.0,2.0,20.0,31.0,0.0,14.0,0.0,523.0
54,LIBRES,LUIS DIOFANTE LORDUY HERNANDEZ,368.0,104.0,79.0,232.0,152.0,202.0,357.0,1012.0,406.0,980.0,783.0,237.0,205.0,91.0,138.0,941.0,35.0,271.0,374.0,0.0,242.0,0.0,7209.0
54,LIBRES,LUIS FERNANDO PIÑEROS CHIQUINQUIRA,41.0,21.0,14.0,52.0,19.0,41.0,50.0,140.0,68.0,108.0,116.0,42.0,60.0,36.0,20.0,197.0,10.0,45.0,39.0,0.0,37.0,0.0,1156.0
54,LIBRES,MARIA FLORALBA GUAÑARITA ORTIZ,28.0,6.0,9.0,23.0,15.0,20.0,50.0,85.0,18.0,57.0,61.0,16.0,12.0,4.0,6.0,33.0,4.0,26.0,45.0,0.0,14.0,0.0,532.0
54,LIBRES,MERY JAQUELINE RODRIGUEZ OSPINA,17.0,2.0,0.0,13.0,6.0,7.0,9.0,24.0,12.0,36.0,26.0,12.0,5.0,5.0,5.0,13.0,3.0,9.0,14.0,0.0,6.0,0.0,224.0
54,LIBRES,MYRIAM NOHEMY NIÑO MONROY,20.0,1.0,5.0,8.0,15.0,6.0,31.0,22.0,15.0,68.0,78.0,23.0,9.0,5.0,6.0,20.0,1.0,6.0,18.0,0.0,5.0,0.0,362.0
54,LIBRES,PATRICIA LOPEZ SALAZAR,10.0,3.0,2.0,7.0,11.0,7.0,14.0,42.0,10.0,27.0,21.0,14.0,4.0,7.0,10.0,16.0,1.0,19.0,16.0,0.0,5.0,0.0,246.0
54,LIBRES,RAMIRO GALINDO QUINTERO,51.0,14.0,7.0,29.0,21.0,21.0,42.0,91.0,27.0,102.0,109.0,39.0,14.0,13.0,15.0,45.0,2.0,31.0,55.0,0.0,23.0,0.0,751.0
54,LIBRES,RODRIGO JOSE ARENAS MAYAUDON,96.0,51.0,6.0,16.0,7.0,5.0,13.0,38.0,43.0,71.0,122.0,51.0,52.0,10.0,10.0,19.0,1.0,14.0,16.0,0.0,14.0,0.0,655.0
54,LIBRES,SEBASTIAN ALEJANDRO RIAÑO MENDEZ,6.0,2.0,2.0,12.0,15.0,13.0,13.0,29.0,13.0,22.0,27.0,10.0,7.0,6.0,7.0,20.0,2.0,11.0,18.0,0.0,4.0,0.0,239.0
54,LIBRES,UILFRAN BENAVIDES ALVAREZ,83.0,21.0,22.0,96.0,121.0,54.0,91.0,235.0,227.0,394.0,209.0,52.0,43.0,43.0,65.0,82.0,11.0,105.0,121.0,0.0,49.0,0.0,2124.0
54,LIBRES,YAMILE ALVAREZ DE CONSTAIN,58.0,15.0,10.0,65.0,53.0,26.0,75.0,119.0,51.0,124.0,151.0,38.0,35.0,29.0,26.0,56.0,8.0,64.0,100.0,0.0,18.0,0.0,1121.0
54,LIBRES,YONATAN CAMILO GARCIA RODRIGUEZ,9.0,1.0,5.0,9.0,5.0,1.0,13.0,26.0,9.0,17.0,24.0,9.0,0.0,4.0,5.0,10.0,1.0,10.0,11.0,0.0,5.0,0.0,174.0
683,MOVIMIENTO SIGNIFICATIVO DE CIUDADANOS PROGRESISTAS,ALEJANDRO GUERRA JIMENEZ,10.0,6.0,8.0,14.0,24.0,13.0,16.0,60.0,25.0,45.0,70.0,9.0,15.0,4.0,6.0,14.0,1.0,27.0,32.0,0.0,11.0,0.0,410.0
683,MOVIMIENTO SIGNIFICATIVO DE CIUDADANOS PROGRESISTAS,ANGELICA DE JESUS VILLALBA SUAREZ,88.0,26.0,47.0,128.0,591.0,226.0,148.0,488.0,164.0,206.0,949.0,54.0,83.0,95.0,37.0,69.0,53.0,129.0,203.0,10.0,67.0,0.0,3861.0
683,MOVIMIENTO SIGNIFICATIVO DE CIUDADANOS PROGRESISTAS,ANIBAL DE JESUS CORREA MARIÑO,24.0,10.0,5.0,14.0,19.0,19.0,27.0,96.0,32.0,81.0,242.0,20.0,27.0,11.0,6.0,48.0,2.0,31.0,36.0,0.0,6.0,0.0,756.0
683,MOVIMIENTO SIGNIFICATIVO DE CIUDADANOS PROGRESISTAS,CAMILO ERNESTO ALMARALES VARGAS,8.0,9.0,4.0,18.0,27.0,17.0,25.0,48.0,28.0,41.0,32.0,14.0,13.0,11.0,16.0,72.0,18.0,25.0,50.0,0.0,11.0,0.0,487.0
683,MOVIMIENTO SIGNIFICATIVO DE CIUDADANOS PROGRESISTAS,CARLOS EMIRO LANCHEROS PEÑA,9.0,10.0,4.0,21.0,50.0,10.0,28.0,48.0,33.0,60.0,25.0,21.0,18.0,3.0,8.0,33.0,3.0,28.0,42.0,0.0,5.0,0.0,459.0
683,MOVIMIENTO SIGNIFICATIVO DE CIUDADANOS PROGRESISTAS,CAROLINA ROLDAN MARTINEZ,12.0,3.0,5.0,15.0,17.0,7.0,18.0,41.0,17.0,32.0,30.0,4.0,6.0,4.0,6.0,8.0,2.0,16.0,29.0,0.0,10.0,0.0,282.0
683,MOVIMIENTO SIGNIFICATIVO DE CIUDADANOS PROGRESISTAS,DANIEL BEJARANO,49.0,32.0,27.0,46.0,25.0,24.0,69.0,109.0,41.0,103.0,78.0,21.0,50.0,10.0,21.0,30.0,10.0,36.0,378.0,1.0,38.0,0.0,1198.0
683,MOVIMIENTO SIGNIFICATIVO DE CIUDADANOS PROGRESISTAS,DAVID RICARDO RACERO MAYORCA,129.0,138.0,67.0,190.0,213.0,73.0,130.0,443.0,129.0,604.0,461.0,81.0,163.0,80.0,51.0,145.0,40.0,345.0,447.0,0.0,128.0,0.0,4057.0
683,MOVIMIENTO SIGNIFICATIVO DE CIUDADANOS PROGRESISTAS,DIANA OLAYA TORRES,12.0,3.0,0.0,11.0,3.0,2.0,9.0,15.0,12.0,18.0,25.0,2.0,4.0,1.0,1.0,11.0,3.0,19.0,23.0,0.0,2.0,0.0,176.0
683,MOVIMIENTO SIGNIFICATIVO DE CIUDADANOS PROGRESISTAS,ERIKA YOHANA ESPINOSA CORREDOR,14.0,3.0,7.0,31.0,21.0,16.0,19.0,29.0,15.0,66.0,31.0,5.0,5.0,4.0,7.0,7.0,2.0,22.0,19.0,0.0,3.0,0.0,326.0
683,MOVIMIENTO SIGNIFICATIVO DE CIUDADANOS PROGRESISTAS,GABRIEL HERNANDO BENAVIDES BEDOYA,36.0,21.0,20.0,47.0,32.0,29.0,54.0,107.0,52.0,103.0,87.0,14.0,54.0,22.0,35.0,47.0,25.0,29.0,94.0,0.0,24.0,0.0,932.0
683,MOVIMIENTO SIGNIFICATIVO DE CIUDADANOS PROGRESISTAS,GENARO ALBADAN CARDENAS,12.0,2.0,1.0,17.0,14.0,7.0,161.0,30.0,5.0,35.0,26.0,5.0,6.0,0.0,4.0,11.0,2.0,14.0,18.0,0.0,4.0,0.0,374.0
683,MOVIMIENTO SIGNIFICATIVO DE CIUDADANOS PROGRESISTAS,GLORIA EUGENIA ORAMAS BAUTISTA,110.0,37.0,55.0,78.0,109.0,258.0,127.0,603.0,156.0,198.0,186.0,56.0,357.0,49.0,64.0,430.0,48.0,182.0,143.0,1.0,55.0,0.0,3302.0
683,MOVIMIENTO SIGNIFICATIVO DE CIUDADANOS PROGRESISTAS,GLORIA INES VALENCIA BOHORQUEZ,9.0,3.0,5.0,25.0,15.0,3.0,6.0,28.0,15.0,28.0,17.0,6.0,10.0,1.0,2.0,7.0,9.0,7.0,35.0,0.0,3.0,0.0,234.0
683,MOVIMIENTO SIGNIFICATIVO DE CIUDADANOS PROGRESISTAS,HOLLMAN FELIPE MORRIS RINCON,1309.0,714.0,580.0,1061.0,842.0,775.0,1388.0,3426.0,1254.0,3131.0,2837.0,883.0,1512.0,409.0,559.0,1444.0,339.0,1148.0,1136.0,7.0,762.0,1.0,25517.0
683,MOVIMIENTO SIGNIFICATIVO DE CIUDADANOS PROGRESISTAS,INGRID BONNIE USCATEGUI,6.0,1.0,3.0,7.0,8.0,1.0,11.0,24.0,5.0,14.0,18.0,5.0,11.0,3.0,2.0,8.0,0.0,0.0,8.0,0.0,2.0,0.0,137.0
683,MOVIMIENTO SIGNIFICATIVO DE CIUDADANOS PROGRESISTAS,JORGE ANDRES CHARRY GOMEZ,63.0,24.0,25.0,55.0,42.0,40.0,66.0,230.0,42.0,131.0,137.0,39.0,73.0,31.0,45.0,95.0,23.0,87.0,189.0,0.0,37.0,0.0,1474.0
683,MOVIMIENTO SIGNIFICATIVO DE CIUDADANOS PROGRESISTAS,JORGE LUIS PATIÑO MARIN,13.0,7.0,7.0,17.0,30.0,30.0,8.0,46.0,17.0,28.0,55.0,12.0,12.0,7.0,4.0,16.0,2.0,17.0,20.0,0.0,10.0,0.0,358.0
683,MOVIMIENTO SIGNIFICATIVO DE CIUDADANOS PROGRESISTAS,JOSE GUSTAVO ALVARADO ZABALA,24.0,14.0,23.0,33.0,24.0,22.0,41.0,67.0,28.0,68.0,546.0,49.0,26.0,12.0,12.0,26.0,6.0,32.0,29.0,0.0,18.0,1.0,1101.0
683,MOVIMIENTO SIGNIFICATIVO DE CIUDADANOS PROGRESISTAS,MAURICIO BARON PINILLA,22.0,4.0,9.0,29.0,54.0,11.0,32.0,92.0,20.0,59.0,51.0,10.0,11.0,7.0,10.0,19.0,8.0,46.0,27.0,0.0,16.0,0.0,537.0
683,MOVIMIENTO SIGNIFICATIVO DE CIUDADANOS PROGRESISTAS,MIGUEL HERNANDO PACHECO GARCIA,58.0,10.0,6.0,18.0,58.0,14.0,23.0,56.0,23.0,62.0,80.0,18.0,32.0,10.0,10.0,18.0,8.0,25.0,28.0,0.0,13.0,0.0,570.0
683,MOVIMIENTO SIGNIFICATIVO DE CIUDADANOS PROGRESISTAS,MOVIMIENTO SIGNIFICATIVO DE CIUDADANOS PROGRESISTA S,322.0,144.0,111.0,314.0,353.0,206.0,461.0,1104.0,347.0,913.0,881.0,224.0,371.0,82.0,148.0,393.0,91.0,388.0,599.0,2.0,209.0,0.0,7663.0
683,MOVIMIENTO SIGNIFICATIVO DE CIUDADANOS PROGRESISTAS,NELSON ANGARITA,10.0,2.0,6.0,12.0,5.0,4.0,3.0,21.0,10.0,12.0,20.0,2.0,2.0,1.0,3.0,25.0,1.0,49.0,6.0,0.0,7.0,0.0,201.0
683,MOVIMIENTO SIGNIFICATIVO DE CIUDADANOS PROGRESISTAS,NESTOR GARCIA BUITRAGO,25.0,11.0,11.0,41.0,17.0,9.0,22.0,69.0,16.0,29.0,43.0,21.0,42.0,11.0,6.0,35.0,18.0,24.0,34.0,0.0,10.0,0.0,494.0
683,MOVIMIENTO SIGNIFICATIVO DE CIUDADANOS PROGRESISTAS,OSCAR DANIEL SIERRA CABRERA,12.0,11.0,8.0,21.0,18.0,11.0,32.0,59.0,28.0,84.0,42.0,10.0,13.0,8.0,9.0,20.0,3.0,30.0,35.0,0.0,11.0,0.0,465.0
683,MOVIMIENTO SIGNIFICATIVO DE CIUDADANOS PROGRESISTAS,PABLO ANTONIO TORRES RINCON,9.0,9.0,7.0,32.0,77.0,30.0,30.0,62.0,14.0,38.0,30.0,64.0,19.0,6.0,15.0,12.0,6.0,49.0,89.0,0.0,13.0,0.0,611.0
683,MOVIMIENTO SIGNIFICATIVO DE CIUDADANOS PROGRESISTAS,PEDRO FELIPE FERNANDEZ PAYAN,23.0,14.0,12.0,26.0,35.0,14.0,61.0,66.0,117.0,85.0,60.0,34.0,26.0,9.0,12.0,30.0,7.0,31.0,36.0,1.0,20.0,0.0,719.0
683,MOVIMIENTO SIGNIFICATIVO DE CIUDADANOS PROGRESISTAS,PEDRO HERNAN VEGA ORTIZ,5.0,4.0,3.0,14.0,10.0,7.0,19.0,30.0,7.0,27.0,10.0,3.0,7.0,4.0,1.0,10.0,1.0,9.0,15.0,0.0,7.0,0.0,193.0
683,MOVIMIENTO SIGNIFICATIVO DE CIUDADANOS PROGRESISTAS,RICARDO SAAVEDRA SIERRA,63.0,15.0,8.0,31.0,41.0,22.0,50.0,557.0,87.0,142.0,108.0,23.0,46.0,14.0,18.0,62.0,6.0,37.0,44.0,0.0,52.0,0.0,1426.0
683,MOVIMIENTO SIGNIFICATIVO DE CIUDADANOS PROGRESISTAS,SONIA ESPERANZA GONZALEZ PINZON,8.0,2.0,2.0,30.0,15.0,8.0,18.0,17.0,7.0,25.0,30.0,3.0,8.0,3.0,14.0,6.0,0.0,8.0,9.0,0.0,2.0,0.0,215.0
683,MOVIMIENTO SIGNIFICATIVO DE CIUDADANOS PROGRESISTAS,YEIMY YURANY CARDOZO NUÑEZ,15.0,4.0,8.0,18.0,1.0,5.0,19.0,18.0,5.0,33.0,19.0,6.0,5.0,6.0,4.0,13.0,2.0,12.0,9.0,0.0,7.0,0.0,209.0
